dataset/dreamdata/STN_a3_i8_s1_t2000/original_8.json,0.045,0.0,0.014535903930664062,0.01787710189819336,0.0018852484226226807,0,0.0019028186798095703,0.00034224447892538867
dataset/dreamdata/STN_a3_i8_s1_t2000/original_4.json,0.0,0.0,0.002566099166870117,0.0018100738525390625,0.00031708717346191407,0,0.0018329620361328125,0.0003132927956892617
dataset/dreamdata/STN_a3_i8_s1_t2000/original_5.json,0.0,0.0,0.0042989253997802734,0.003175020217895508,0.0003218352794647217,0,0.0031960010528564453,0.00031866739742719946
dataset/dreamdata/STN_a3_i8_s1_t2000/original_9.json,0.0,0.0,0.0014798641204833984,0.0028662681579589844,0.00034311532974243167,0,0.0028340816497802734,0.0003384225931598913
dataset/dreamdata/STN_a3_i8_s1_t2000/original_2.json,0.495,0.0,0.004040241241455078,0.005621910095214844,0.0012236487865447997,0,0.0049588680267333984,0.0005359398060707591
dataset/dreamdata/STN_a3_i8_s1_t2000/original_3.json,0.385,0.0,0.00379180908203125,0.04506683349609375,0.0017734038829803466,0,0.005779266357421875,0.000224363863767691
dataset/dreamdata/STN_a3_i8_s1_t2000/original_0.json,0.0,0.0,0.001474142074584961,0.0014688968658447266,0.00034659147262573243,0,0.0014429092407226562,0.00034260630008563323
dataset/dreamdata/STN_a3_i8_s1_t2000/original_1.json,1.0,1.0,0.001291036605834961,0.033052921295166016,0.0017677211761474609,0,0.028575420379638672,0.001563129712588823
dataset/dreamdata/STN_a3_i8_s1_t2000/original_6.json,0.945,1.0,0.0017511844635009766,0.023310184478759766,0.0018471050262451171,0,0.020481586456298828,0.0016777575315542557
dataset/dreamdata/STN_a3_i8_s1_t2000/original_7.json,0.01,0.0,0.006469249725341797,0.005311012268066406,0.001198577880859375,0,0.001653909683227539,0.00037702483747472715
dataset/dreamdata/STN_a2_i4_s5_t5000/original_8.json,0.015,0.045,0.0010881423950195312,0.0013191699981689453,0.00035340070724487304,0,0.0012929439544677734,0.0003487932023091532
dataset/dreamdata/STN_a2_i4_s5_t5000/original_4.json,0.0,1.0,0.0014829635620117188,0.0015523433685302734,0.0003623807430267334,0,0.028844118118286133,0.0018631956685128523
dataset/dreamdata/STN_a2_i4_s5_t5000/original_5.json,0.96,1.0,0.0010848045349121094,0.03201794624328613,0.0019592869281768797,0,0.028858184814453125,0.0017811401405526167
dataset/dreamdata/STN_a2_i4_s5_t5000/original_9.json,0.92,0.93,0.0012612342834472656,0.006685972213745117,0.0008889138698577881,0,0.02903294563293457,0.0018670990239435703
dataset/dreamdata/STN_a2_i4_s5_t5000/original_2.json,1.0,1.0,0.0013937950134277344,0.0014071464538574219,0.00027958035469055175,0,0.02892279624938965,0.0016496229411369593
dataset/dreamdata/STN_a2_i4_s5_t5000/original_3.json,0.93,1.0,0.0007040500640869141,0.03280997276306152,0.0018175792694091796,0,0.028577089309692383,0.0016051321173433082
dataset/dreamdata/STN_a2_i4_s5_t5000/original_0.json,0.015,0.015,0.002344846725463867,0.0013492107391357422,0.0003162872791290283,0,0.001325845718383789,0.0003141038980915319
dataset/dreamdata/STN_a2_i4_s5_t5000/original_1.json,1.0,1.0,0.0008258819580078125,0.030871152877807617,0.001827908754348755,0,0.027005910873413086,0.0016448653523047365
dataset/dreamdata/STN_a2_i4_s5_t5000/original_6.json,0.15,0.015,0.002237081527709961,0.005315065383911133,0.0008679842948913575,0,0.0023469924926757812,0.0002901398356835447
dataset/dreamdata/STN_a2_i4_s5_t5000/original_7.json,0.27,0.31,0.001275777816772461,0.005155086517333984,0.0008616721630096435,0,0.005151033401489258,0.0008646842822357637
dataset/dreamdata/STN_a2_i4_s5_t10000/original_8.json,0.625,0.58,0.0007638931274414062,0.0036211013793945312,0.0003918766975402832,0,0.0026650428771972656,0.0003653878542646092
dataset/dreamdata/STN_a2_i4_s5_t10000/original_4.json,0.955,0.055,0.0009641647338867188,0.0318751335144043,0.0019123685359954835,0,0.0016951560974121094,0.0003421330571773663
dataset/dreamdata/STN_a2_i4_s5_t10000/original_5.json,0.36,0.015,0.0050411224365234375,0.005316019058227539,0.0010341501235961914,0,0.0006721019744873047,0.0003244565359911128
dataset/dreamdata/STN_a2_i4_s5_t10000/original_9.json,0.005,0.015,0.004427909851074219,0.04769277572631836,0.0020605599880218505,0,0.0014190673828125,0.00032009790890180883
dataset/dreamdata/STN_a2_i4_s5_t10000/original_2.json,0.075,0.035,0.003983974456787109,0.013260126113891602,0.0018489742279052734,0,0.002534151077270508,0.0002864665122487437
dataset/dreamdata/STN_a2_i4_s5_t10000/original_3.json,0.655,0.0,0.0026628971099853516,0.002727985382080078,0.000353846549987793,0,0.004680156707763672,5.111382834276362e-05
dataset/dreamdata/STN_a2_i4_s5_t10000/original_0.json,0.085,0.24,0.003016948699951172,0.003123044967651367,0.00030486702919006346,0,0.0033469200134277344,0.00027074406494447336
dataset/dreamdata/STN_a2_i4_s5_t10000/original_1.json,0.325,1.0,0.0009341239929199219,0.002913951873779297,0.00036333084106445314,0,0.028486967086791992,0.0016886049778617206
dataset/dreamdata/STN_a2_i4_s5_t10000/original_6.json,0.86,0.95,0.002582073211669922,0.0060689449310302734,0.0010102808475494385,0,0.0056667327880859375,0.0009058156804223756
dataset/dreamdata/STN_a2_i4_s5_t10000/original_7.json,0.975,1.0,0.0005631446838378906,0.007707118988037109,0.0008394920825958252,0,0.027361154556274414,0.0015537019950061586
dataset/dreamdata/STN_a3_i8_s3_t6000/original_8.json,0.0,0.025,0.021758079528808594,0.0036208629608154297,0.00039060115814208983,0,0.0019659996032714844,0.00035822211797512956
dataset/dreamdata/STN_a3_i8_s3_t6000/original_4.json,0.4,0.0,0.0038909912109375,0.005712985992431641,0.0011868345737457275,0,0.0014529228210449219,0.0004078419364277442
dataset/dreamdata/STN_a3_i8_s3_t6000/original_5.json,0.0,0.065,0.002730846405029297,0.006411075592041016,0.0007563662528991699,0,0.0009572505950927734,0.00038164464672606197
dataset/dreamdata/STN_a3_i8_s3_t6000/original_9.json,0.02,0.015,0.0061511993408203125,0.0012791156768798828,0.0004335212707519531,0,0.0016739368438720703,0.00038383953535377083
dataset/dreamdata/STN_a3_i8_s3_t6000/original_2.json,0.135,0.145,0.0053899288177490234,0.007606983184814453,0.0010532796382904052,0,0.0016040802001953125,0.0003341250683195028
dataset/dreamdata/STN_a3_i8_s3_t6000/original_3.json,0.395,0.06,0.006439924240112305,0.008528947830200195,0.0011501908302307129,0,0.0010418891906738281,0.00038117859231766744
dataset/dreamdata/STN_a3_i8_s3_t6000/original_0.json,0.98,0.615,0.0015540122985839844,0.03904294967651367,0.0019629549980163573,0,0.002108335494995117,0.0004105160583802803
dataset/dreamdata/STN_a3_i8_s3_t6000/original_1.json,0.01,0.0,0.0038220882415771484,0.038549184799194336,0.0018356192111968995,0,0.0007781982421875,0.000344676588048887
dataset/dreamdata/STN_a3_i8_s3_t6000/original_6.json,0.835,0.895,0.0023088455200195312,0.006957054138183594,0.0012564074993133545,0,0.021200895309448242,0.0017570131388141882
dataset/dreamdata/STN_a3_i8_s3_t6000/original_7.json,0.58,0.1,0.009946823120117188,0.0053141117095947266,0.0012288486957550049,0,0.0007748603820800781,0.0003428926419972175
dataset/dreamdata/STN_a2_i4_s1_t4000/original_8.json,0.025,0.025,0.00164794921875,0.002972841262817383,0.0003361177444458008,0,0.0030472278594970703,0.00034253920742015743
dataset/dreamdata/STN_a2_i4_s1_t4000/original_4.json,0.955,1.0,0.0034258365631103516,0.05751395225524902,0.00193398118019104,0,0.03576207160949707,0.0018602879203144628
dataset/dreamdata/STN_a2_i4_s1_t4000/original_5.json,0.0,0.0,0.0039899349212646484,0.002228975296020508,0.0003603541851043701,0,0.0017309188842773438,0.0003489345761399772
dataset/dreamdata/STN_a2_i4_s1_t4000/original_9.json,0.93,0.64,0.0026397705078125,0.01333308219909668,0.001993201971054077,0,0.03284811973571777,0.0017834943742608305
dataset/dreamdata/STN_a2_i4_s1_t4000/original_2.json,0.235,0.0,0.0032739639282226562,0.0062291622161865234,0.0010277223587036133,0,0.005204916000366211,0.0004037588685002159
dataset/dreamdata/STN_a2_i4_s1_t4000/original_3.json,0.875,0.07,0.003231048583984375,0.007401943206787109,0.0009121048450469971,0,0.005758047103881836,0.0008994658388684143
dataset/dreamdata/STN_a2_i4_s1_t4000/original_0.json,1.0,1.0,0.0012347698211669922,0.03213071823120117,0.0017609906196594239,0,0.026046037673950195,0.001586651682254657
dataset/dreamdata/STN_a2_i4_s1_t4000/original_1.json,0.055,0.025,0.0032923221588134766,0.006893157958984375,0.0008296060562133789,0,0.0009658336639404297,0.00033607914220148597
dataset/dreamdata/STN_a2_i4_s1_t4000/original_6.json,0.0,0.11,0.003905773162841797,0.0031921863555908203,0.00033113837242126464,0,0.005098104476928711,0.0007779286734422847
dataset/dreamdata/STN_a2_i4_s1_t4000/original_7.json,0.0,0.0,0.0027010440826416016,0.004925966262817383,0.0005889725685119629,0,0.0025250911712646484,0.00034066780128670697
dataset/dreamdata/STN_a4_i8_s1_t1000/original_8.json,0.97,1.0,0.0005850791931152344,0.012286901473999023,0.0016951632499694824,0,0.028014183044433594,0.0015650957673039268
dataset/dreamdata/STN_a4_i8_s1_t1000/original_4.json,0.0,0.0,0.0007700920104980469,0.002584218978881836,0.0004317915439605713,0,0.0025641918182373047,0.0004326518456540515
dataset/dreamdata/STN_a4_i8_s1_t1000/original_5.json,0.0,0.0,0.010182857513427734,0.006454944610595703,0.001606990098953247,0,0.0018470287322998047,0.0004481071203797307
dataset/dreamdata/STN_a4_i8_s1_t1000/original_9.json,0.0,0.0,0.0006220340728759766,0.002847909927368164,0.00043091654777526855,0,0.0027980804443359375,0.00042791702040475817
dataset/dreamdata/STN_a4_i8_s1_t1000/original_2.json,0.77,0.0,0.00328826904296875,0.035866737365722656,0.0021102917194366455,0,0.002546072006225586,0.0004465184619079283
dataset/dreamdata/STN_a4_i8_s1_t1000/original_3.json,0.0,0.0,0.0006661415100097656,0.0015099048614501953,0.0004235517978668213,0,0.0016062259674072266,0.00042882037522205753
dataset/dreamdata/STN_a4_i8_s1_t1000/original_0.json,0.115,0.0,0.0023040771484375,0.016273975372314453,0.0018628394603729247,0,0.003103017807006836,0.000390469728402756
dataset/dreamdata/STN_a4_i8_s1_t1000/original_1.json,0.0,0.0,0.002146005630493164,0.0022878646850585938,0.0004124319553375244,0,0.002134084701538086,0.0004151358676316151
dataset/dreamdata/STN_a4_i8_s1_t1000/original_6.json,0.0,0.0,0.001667022705078125,0.0019371509552001953,0.0003783941268920898,0,0.0020418167114257812,0.0003706881748371987
dataset/dreamdata/STN_a4_i8_s1_t1000/original_7.json,0.0,0.0,0.0014772415161132812,0.0017359256744384766,0.0004076850414276123,0,0.001811981201171875,0.0003846194875899272
dataset/dreamdata/STN_a2_i4_s5_t20000/original_8.json,0.15,0.09,0.0012359619140625,0.03691291809082031,0.0020166873931884766,0,0.032221078872680664,0.001872840239175001
dataset/dreamdata/STN_a2_i4_s5_t20000/original_4.json,0.985,1.0,0.0008959770202636719,0.007487058639526367,0.0008463597297668457,0,0.03104424476623535,0.0018486928700202673
dataset/dreamdata/STN_a2_i4_s5_t20000/original_5.json,0.295,0.0,0.0013611316680908203,0.03878927230834961,0.0021403396129608156,0,0.02978205680847168,0.00034067379170326734
dataset/dreamdata/STN_a2_i4_s5_t20000/original_9.json,0.99,1.0,0.0009579658508300781,0.03244519233703613,0.0021446609497070314,0,0.02929997444152832,0.0019612180527730206
dataset/dreamdata/STN_a2_i4_s5_t20000/original_2.json,0.515,0.095,0.004104137420654297,0.003390073776245117,0.0003523468971252441,0,0.005881071090698242,0.001018948291414347
dataset/dreamdata/STN_a2_i4_s5_t20000/original_3.json,0.975,1.0,0.001071929931640625,0.0034029483795166016,0.0003663074970245361,0,0.030152082443237305,0.0018257663477605312
dataset/dreamdata/STN_a2_i4_s5_t20000/original_0.json,0.51,0.0,0.0012211799621582031,0.002980947494506836,0.0003901505470275879,0,0.008057832717895508,0.00023532872223973873
dataset/dreamdata/STN_a2_i4_s5_t20000/original_1.json,0.045,0.0,0.0019001960754394531,0.007191896438598633,0.0011600196361541749,0,0.005987644195556641,0.0003947121414107893
dataset/dreamdata/STN_a2_i4_s5_t20000/original_6.json,0.275,0.215,0.0021927356719970703,0.0012781620025634766,0.0003070855140686035,0,0.0328369140625,0.002075065919502297
dataset/dreamdata/STN_a2_i4_s5_t20000/original_7.json,0.01,0.0,0.003225088119506836,0.0032949447631835938,0.00029830574989318846,0,0.002908945083618164,0.0002686498153149782
dataset/dreamdata/STN_a3_i4_s5_t10000/original_8.json,0.275,0.0,0.003325939178466797,0.03508925437927246,0.001812286376953125,0,0.00510716438293457,5.543411676608138e-05
dataset/dreamdata/STN_a3_i4_s5_t10000/original_4.json,0.47,0.08,0.0011439323425292969,0.048187255859375,0.0020211422443389892,0,0.0007622241973876953,0.0003663247554146465
dataset/dreamdata/STN_a3_i4_s5_t10000/original_5.json,0.07,0.055,0.002711057662963867,0.007260799407958984,0.0010264396667480468,0,0.0035216808319091797,0.00036938466019366856
dataset/dreamdata/STN_a3_i4_s5_t10000/original_9.json,0.115,0.145,0.0025720596313476562,0.002691030502319336,0.0003458857536315918,0,0.002377033233642578,0.0003271270636937127
dataset/dreamdata/STN_a3_i4_s5_t10000/original_2.json,0.97,1.0,0.0010318756103515625,0.02855706214904785,0.0015804314613342286,0,0.023941993713378906,0.0014059160222959278
dataset/dreamdata/STN_a3_i4_s5_t10000/original_3.json,0.08,0.01,0.009009838104248047,0.003281116485595703,0.00039681315422058106,0,0.0026769638061523438,0.0003586390509677293
dataset/dreamdata/STN_a3_i4_s5_t10000/original_0.json,0.06,0.105,0.0013852119445800781,0.005700826644897461,0.0007099175453186035,0,0.0195310115814209,0.0012361871537251688
dataset/dreamdata/STN_a3_i4_s5_t10000/original_1.json,0.035,0.585,0.0017712116241455078,0.003894805908203125,0.0003667557239532471,0,0.03762006759643555,0.0019016577370801764
dataset/dreamdata/STN_a3_i4_s5_t10000/original_6.json,0.15,0.1,0.0013113021850585938,0.03507709503173828,0.0020870327949523925,0,0.02154397964477539,0.0017754827911530308
dataset/dreamdata/STN_a3_i4_s5_t10000/original_7.json,0.425,0.225,0.0033731460571289062,0.0052928924560546875,0.0007383179664611816,0,0.0015759468078613281,0.0003034912761132322
dataset/dreamdata/STN_a4_i4_s5_t10000/original_8.json,0.93,0.565,0.0006718635559082031,0.02341604232788086,0.0013919317722320558,0,0.0012850761413574219,0.0003215308165430424
dataset/dreamdata/STN_a4_i4_s5_t10000/original_4.json,0.29,0.355,0.0006649494171142578,0.03056812286376953,0.0019112539291381836,0,0.027285099029541016,0.0017650642586712862
dataset/dreamdata/STN_a4_i4_s5_t10000/original_5.json,0.0,0.035,0.0016713142395019531,0.0054819583892822266,0.0008566522598266601,0,0.004582881927490234,0.0009155944364154758
dataset/dreamdata/STN_a4_i4_s5_t10000/original_9.json,0.065,0.05,0.0009698867797851562,0.037735939025878906,0.001993182897567749,0,0.030824899673461914,0.0017135826187517176
dataset/dreamdata/STN_a4_i4_s5_t10000/original_2.json,0.09,0.02,0.004239082336425781,0.05860590934753418,0.001849677562713623,0,0.005251169204711914,0.0009378979553529366
dataset/dreamdata/STN_a4_i4_s5_t10000/original_3.json,0.545,0.06,0.0018608570098876953,0.0054473876953125,0.0010333561897277832,0,0.0059566497802734375,0.0009479510724245005
dataset/dreamdata/STN_a4_i4_s5_t10000/original_0.json,0.38,0.075,0.004612922668457031,0.03872513771057129,0.0019546139240264894,0,0.0050487518310546875,0.0011863672553594387
dataset/dreamdata/STN_a4_i4_s5_t10000/original_1.json,0.08,0.22,0.0017616748809814453,0.012702226638793945,0.0011744415760040284,0,0.005712032318115234,0.000764767728259216
dataset/dreamdata/STN_a4_i4_s5_t10000/original_6.json,0.91,0.885,0.0009007453918457031,0.03461313247680664,0.0017692649364471436,0,0.028710126876831055,0.0015440430473442654
dataset/dreamdata/STN_a4_i4_s5_t10000/original_7.json,0.31,0.0,0.0009260177612304688,0.03518319129943848,0.0017834174633026122,0,0.005858898162841797,0.00035773449806711784
dataset/dreamdata/STN_a2_i4_s1_t1000/original_8.json,0.215,0.0,0.003883838653564453,0.03792738914489746,0.0018609166145324707,0,0.005833864212036133,0.0006265304795461683
dataset/dreamdata/STN_a2_i4_s1_t1000/original_4.json,0.135,0.0,0.0018811225891113281,0.04550504684448242,0.0019657814502716062,0,0.03213906288146973,0.001817590627238978
dataset/dreamdata/STN_a2_i4_s1_t1000/original_5.json,0.0,0.0,0.0014700889587402344,0.0013501644134521484,0.00033180475234985353,0,0.001322031021118164,0.00034246612433812127
dataset/dreamdata/STN_a2_i4_s1_t1000/original_9.json,0.0,0.0,0.0014340877532958984,0.0006659030914306641,0.0003451597690582275,0,0.0006463527679443359,0.00032666939586850266
dataset/dreamdata/STN_a2_i4_s1_t1000/original_2.json,0.045,0.005,0.005398988723754883,0.060669898986816406,0.0021279358863830564,0,0.002836942672729492,0.00031402961692618365
dataset/dreamdata/STN_a2_i4_s1_t1000/original_3.json,1.0,0.96,0.0013289451599121094,0.03136801719665527,0.0019449186325073242,0,0.02968001365661621,0.0017325482775817564
dataset/dreamdata/STN_a2_i4_s1_t1000/original_0.json,0.995,1.0,0.0008571147918701172,0.03503274917602539,0.001937769651412964,0,0.031119823455810547,0.0016988473920965914
dataset/dreamdata/STN_a2_i4_s1_t1000/original_1.json,0.0,0.0,0.0061190128326416016,0.003448009490966797,0.00033621907234191893,0,0.00789189338684082,0.00013568293509171836
dataset/dreamdata/STN_a2_i4_s1_t1000/original_6.json,0.985,0.795,0.0022699832916259766,0.04922795295715332,0.001890634298324585,0,0.028706789016723633,0.0016480234999153482
dataset/dreamdata/STN_a2_i4_s1_t1000/original_7.json,0.995,0.865,0.0029349327087402344,0.0355219841003418,0.0020778286457061768,0,0.03233218193054199,0.0019049524661883636
dataset/dreamdata/STN_a3_i8_s3_t3000/original_8.json,0.585,0.275,0.002184152603149414,0.03521895408630371,0.001873577833175659,0,0.00061798095703125,0.00041058195296244407
dataset/dreamdata/STN_a3_i8_s3_t3000/original_4.json,0.005,0.0,0.0045850276947021484,0.006628990173339844,0.001287522315979004,0,0.001882791519165039,0.00039843099201144886
dataset/dreamdata/STN_a3_i8_s3_t3000/original_5.json,0.04,1.0,0.00102996826171875,0.0012438297271728516,0.00034344077110290525,0,0.030295133590698242,0.0015836397008081177
dataset/dreamdata/STN_a3_i8_s3_t3000/original_9.json,0.0,0.0,0.002050161361694336,0.00145721435546875,0.0003158187866210938,0,0.0014290809631347656,0.00030985070233368993
dataset/dreamdata/STN_a3_i8_s3_t3000/original_2.json,0.82,0.125,0.0028679370880126953,0.033670902252197266,0.001988492012023926,0,0.002344846725463867,0.0004114230074475159
dataset/dreamdata/STN_a3_i8_s3_t3000/original_3.json,0.0,0.0,0.0074880123138427734,0.006105899810791016,0.0013843560218811035,0,0.0019202232360839844,0.0003892608623408792
dataset/dreamdata/STN_a3_i8_s3_t3000/original_0.json,0.08,0.015,0.00613093376159668,0.030529022216796875,0.0011346948146820069,0,0.0028209686279296875,0.0003496881705432681
dataset/dreamdata/STN_a3_i8_s3_t3000/original_1.json,0.14,0.055,0.0036690235137939453,0.0065119266510009766,0.0010765862464904785,0,0.002964019775390625,0.0003934469654332453
dataset/dreamdata/STN_a3_i8_s3_t3000/original_6.json,0.0,0.0,0.009312868118286133,0.004911899566650391,0.0004394030570983887,0,0.0008699893951416016,0.00039033793923842845
dataset/dreamdata/STN_a3_i8_s3_t3000/original_7.json,0.005,0.0,0.005216121673583984,0.015239238739013672,0.0021073412895202637,0,0.0009539127349853516,0.0003616174860815307
dataset/dreamdata/STN_a4_i8_s1_t4000/original_8.json,0.25,0.0,0.00440216064453125,0.053579092025756836,0.0019007253646850587,0,0.002724170684814453,0.00037032874984357824
dataset/dreamdata/STN_a4_i8_s1_t4000/original_4.json,0.945,0.0,0.0020427703857421875,0.03957200050354004,0.0019963264465332033,0,0.0009679794311523438,0.0003973299534476582
dataset/dreamdata/STN_a4_i8_s1_t4000/original_5.json,0.17,0.0,0.0036759376525878906,0.008711814880371094,0.0012273430824279786,0,0.002768993377685547,0.0003580699613944969
dataset/dreamdata/STN_a4_i8_s1_t4000/original_9.json,0.03,0.0,0.011291742324829102,0.005921840667724609,0.0012660109996795654,0,0.001466989517211914,0.00033303840675545697
dataset/dreamdata/STN_a4_i8_s1_t4000/original_2.json,0.055,0.0,0.0028519630432128906,0.036149024963378906,0.0019083130359649658,0,0.0013010501861572266,0.00032589543404890666
dataset/dreamdata/STN_a4_i8_s1_t4000/original_3.json,0.39,0.315,0.0043849945068359375,0.005529165267944336,0.0013636696338653565,0,0.0020389556884765625,0.00043039226052749095
dataset/dreamdata/STN_a4_i8_s1_t4000/original_0.json,0.0,0.0,0.00400996208190918,0.003276824951171875,0.00043771505355834963,0,0.0008931159973144531,0.00037207795147919774
dataset/dreamdata/STN_a4_i8_s1_t4000/original_1.json,0.0,0.0,0.006237030029296875,0.019576072692871094,0.0008901536464691162,0,0.0016319751739501953,0.00044109953108744407
dataset/dreamdata/STN_a4_i8_s1_t4000/original_6.json,0.0,0.0,0.00785374641418457,0.006092071533203125,0.0015018808841705323,0,0.007349967956542969,0.00030074287299534783
dataset/dreamdata/STN_a4_i8_s1_t4000/original_7.json,0.0,0.0,0.0013158321380615234,0.002276182174682617,0.0003880763053894043,0,0.0022711753845214844,0.0003971466467009118
dataset/dreamdata/STN_a3_i4_s5_t20000/original_8.json,0.0,0.0,0.0013217926025390625,0.00593876838684082,6.526231765747071e-05,0,0.006741046905517578,6.513379926058515e-05
dataset/dreamdata/STN_a3_i4_s5_t20000/original_4.json,0.33,0.24,0.0007419586181640625,0.03531026840209961,0.0019257819652557372,0,0.029573917388916016,0.001777139740373621
dataset/dreamdata/STN_a3_i4_s5_t20000/original_5.json,0.255,0.0,0.001013040542602539,0.005522251129150391,0.0008534312248229981,0,0.005170345306396484,0.00031222889770814524
dataset/dreamdata/STN_a3_i4_s5_t20000/original_9.json,1.0,1.0,0.000720977783203125,0.006943941116333008,0.0007855236530303955,0,0.02222299575805664,0.0011296667645325014
dataset/dreamdata/STN_a3_i4_s5_t20000/original_2.json,0.965,1.0,0.0004949569702148438,0.030791044235229492,0.0017622244358062745,0,0.027856826782226562,0.0017052727128992128
dataset/dreamdata/STN_a3_i4_s5_t20000/original_3.json,0.0,0.0,0.0025157928466796875,0.007885217666625977,0.0011800169944763184,0,0.006718873977661133,0.0011270777064951222
dataset/dreamdata/STN_a3_i4_s5_t20000/original_0.json,1.0,1.0,0.0006601810455322266,0.03018784523010254,0.0018497097492218017,0,0.0214688777923584,0.0016195007305049418
dataset/dreamdata/STN_a3_i4_s5_t20000/original_1.json,0.51,0.0,0.001325845718383789,0.03588604927062988,0.0021782183647155763,0,0.005830049514770508,0.00027904917846372976
dataset/dreamdata/STN_a3_i4_s5_t20000/original_6.json,0.285,0.0,0.0012612342834472656,0.03284096717834473,0.0019493722915649415,0,0.0044708251953125,0.0004979294149120849
dataset/dreamdata/STN_a3_i4_s5_t20000/original_7.json,0.005,0.0,0.010393857955932617,0.009202241897583008,0.001289921998977661,0,0.0027108192443847656,0.0003536801841390792
dataset/dreamdata/STN_a4_i4_s5_t20000/original_8.json,0.285,0.0,0.0013210773468017578,0.032036781311035156,0.001272270679473877,0,0.004732847213745117,0.0005979118634707964
dataset/dreamdata/STN_a4_i4_s5_t20000/original_4.json,1.0,1.0,0.0004782676696777344,0.005628824234008789,0.0005915629863739014,0,0.018906831741333008,0.000943584058752012
dataset/dreamdata/STN_a4_i4_s5_t20000/original_5.json,1.0,1.0,0.0004169940948486328,0.006064891815185547,0.0005651211738586426,0,0.012258768081665039,0.000541879903131993
dataset/dreamdata/STN_a4_i4_s5_t20000/original_9.json,0.99,0.995,0.0007569789886474609,0.031097888946533203,0.0019284546375274657,0,0.02747488021850586,0.0016150139085012465
dataset/dreamdata/STN_a4_i4_s5_t20000/original_2.json,0.105,0.0,0.0018391609191894531,0.05379486083984375,0.0023359203338623046,0,0.0058727264404296875,0.0005338024254420295
dataset/dreamdata/STN_a4_i4_s5_t20000/original_3.json,0.3,0.0,0.0028340816497802734,0.008627891540527344,0.0010838115215301514,0,0.005385875701904297,0.0003282963930062912
dataset/dreamdata/STN_a4_i4_s5_t20000/original_0.json,0.39,0.4,0.0012333393096923828,0.008543252944946289,0.0010921192169189454,0,0.005021095275878906,0.0009938340690267744
dataset/dreamdata/STN_a4_i4_s5_t20000/original_1.json,0.345,0.0,0.003368854522705078,0.006054878234863281,0.001220635175704956,0,0.0055999755859375,0.0005039593682217238
dataset/dreamdata/STN_a4_i4_s5_t20000/original_6.json,0.105,0.0,0.0014178752899169922,0.03711700439453125,0.002338007688522339,0,0.005571126937866211,0.00039631637496564856
dataset/dreamdata/STN_a4_i4_s5_t20000/original_7.json,1.0,1.0,0.0004642009735107422,0.022739887237548828,0.0012509882450103759,0,0.019701004028320312,0.0011566811470530142
dataset/dreamdata/STN_a4_i8_s5_t5000/original_8.json,0.07,0.01,0.006455898284912109,0.008195161819458008,0.0013396227359771728,0,0.0015380382537841797,0.0004112984067830608
dataset/dreamdata/STN_a4_i8_s5_t5000/original_4.json,0.56,0.03,0.004773139953613281,0.06339406967163086,0.0021843838691711424,0,0.001317739486694336,0.00041746134734033937
dataset/dreamdata/STN_a4_i8_s5_t5000/original_5.json,0.01,0.015,0.00102996826171875,0.002892017364501953,0.00040426015853881834,0,0.0030868053436279297,0.00041256478084391684
dataset/dreamdata/STN_a4_i8_s5_t5000/original_9.json,0.915,0.815,0.0011241436004638672,0.03634500503540039,0.0020683157444000245,0,0.03209400177001953,0.001836980407561489
dataset/dreamdata/STN_a4_i8_s5_t5000/original_2.json,0.125,0.21,0.0017631053924560547,0.0009539127349853516,0.0004441642761230469,0,0.0011131763458251953,0.0004464861136585025
dataset/dreamdata/STN_a4_i8_s5_t5000/original_3.json,0.98,1.0,0.0006411075592041016,0.03635883331298828,0.00183929443359375,0,0.02266693115234375,0.0015955318757637062
dataset/dreamdata/STN_a4_i8_s5_t5000/original_0.json,0.74,0.005,0.0016987323760986328,0.058364152908325195,0.0018917310237884521,0,0.0025701522827148438,0.0003726997567181611
dataset/dreamdata/STN_a4_i8_s5_t5000/original_1.json,0.0,0.0,0.0047092437744140625,0.0011377334594726562,0.00036371588706970217,0,0.001123189926147461,0.00036433953136654954
dataset/dreamdata/STN_a4_i8_s5_t5000/original_6.json,0.005,0.0,0.0011811256408691406,0.0016679763793945312,0.0003799474239349365,0,0.0016701221466064453,0.0003992265193306621
dataset/dreamdata/STN_a4_i8_s5_t5000/original_7.json,0.025,0.01,0.0023310184478759766,0.0012390613555908203,0.00040059924125671384,0,0.001216888427734375,0.0003726841816351042
dataset/dreamdata/STN_a4_i4_s1_t4000/original_8.json,0.0,0.0,0.0021440982818603516,0.0031621456146240234,0.00034091472625732424,0,0.0017747879028320312,0.00032825326200705676
dataset/dreamdata/STN_a4_i4_s1_t4000/original_4.json,0.54,0.0,0.002117156982421875,0.031215906143188477,0.0016923856735229492,0,0.006414651870727539,0.00025532113846822
dataset/dreamdata/STN_a4_i4_s1_t4000/original_5.json,1.0,1.0,0.0008878707885742188,0.013789892196655273,0.001634378433227539,0,0.029072999954223633,0.0015691848256480154
dataset/dreamdata/STN_a4_i4_s1_t4000/original_9.json,0.97,1.0,0.001116037368774414,0.03561282157897949,0.001762794256210327,0,0.022319793701171875,0.0018087499704792273
dataset/dreamdata/STN_a4_i4_s1_t4000/original_2.json,0.44,0.0,0.0028078556060791016,0.03906130790710449,0.0019676101207733152,0,0.004507303237915039,0.00013646528349449887
dataset/dreamdata/STN_a4_i4_s1_t4000/original_3.json,0.63,0.0,0.0030739307403564453,0.03357195854187012,0.001886669397354126,0,0.0055882930755615234,0.00047632318046224775
dataset/dreamdata/STN_a4_i4_s1_t4000/original_0.json,0.0,0.0,0.007743120193481445,0.005394935607910156,0.0012106478214263916,0,0.005945920944213867,6.266454955441269e-05
dataset/dreamdata/STN_a4_i4_s1_t4000/original_1.json,0.105,0.0,0.005646228790283203,0.006990909576416016,0.0012777161598205567,0,0.0017430782318115234,0.000358897836963136
dataset/dreamdata/STN_a4_i4_s1_t4000/original_6.json,0.95,0.0,0.0016329288482666016,0.005151271820068359,0.0011257874965667726,0,0.006737947463989258,0.00011731991216764977
dataset/dreamdata/STN_a4_i4_s1_t4000/original_7.json,0.0,0.0,0.0006620883941650391,0.02706003189086914,0.0015000677108764648,0,0.02240586280822754,0.001424640866380241
dataset/dreamdata/STN_a4_i4_s5_t5000/original_8.json,0.03,0.01,0.0023059844970703125,0.002502918243408203,0.00034569025039672853,0,0.002300739288330078,0.00033935230581005616
dataset/dreamdata/STN_a4_i4_s5_t5000/original_4.json,0.875,0.775,0.0011332035064697266,0.03834986686706543,0.00209885835647583,0,0.0311279296875,0.0018798154802178617
dataset/dreamdata/STN_a4_i4_s5_t5000/original_5.json,1.0,1.0,0.0006558895111083984,0.033601999282836914,0.0018887877464294433,0,0.027247190475463867,0.0016837443538646603
dataset/dreamdata/STN_a4_i4_s5_t5000/original_9.json,0.02,0.035,0.004101276397705078,0.0030570030212402344,0.0003406357765197754,0,0.0017421245574951172,0.00031305198094353604
dataset/dreamdata/STN_a4_i4_s5_t5000/original_2.json,0.69,0.605,0.0010118484497070312,0.03295326232910156,0.001902247667312622,0,0.0281679630279541,0.0016705834086815916
dataset/dreamdata/STN_a4_i4_s5_t5000/original_3.json,0.0,0.0,0.0016987323760986328,0.00808405876159668,0.0008535206317901612,0,0.0043981075286865234,0.0004870280548555767
dataset/dreamdata/STN_a4_i4_s5_t5000/original_0.json,0.0,0.0,0.0011310577392578125,0.0018172264099121094,0.0003314518928527832,0,0.001992940902709961,0.0003174860872815003
dataset/dreamdata/STN_a4_i4_s5_t5000/original_1.json,0.39,0.0,0.0013833045959472656,0.035597801208496094,0.0017662525177001953,0,0.0049669742584228516,0.0008490756528461399
dataset/dreamdata/STN_a4_i4_s5_t5000/original_6.json,0.04,0.045,0.0025501251220703125,0.0031969547271728516,0.00038440704345703123,0,0.0033447742462158203,0.0004172205325946137
dataset/dreamdata/STN_a4_i4_s5_t5000/original_7.json,0.17,0.055,0.0026738643646240234,0.0029582977294921875,0.0003171324729919434,0,0.00459599494934082,0.0007341219552198247
dataset/dreamdata/STN_a2_i8_s5_t20000/original_8.json,0.615,0.0,0.008422136306762695,0.005287885665893555,0.0011109304428100586,0,0.005419015884399414,5.9099053617697865e-05
dataset/dreamdata/STN_a2_i8_s5_t20000/original_4.json,0.01,0.0,0.003419160842895508,0.009112119674682617,0.0011229479312896728,0,0.0031630992889404297,0.0003367955960221027
dataset/dreamdata/STN_a2_i8_s5_t20000/original_5.json,0.085,0.01,0.00456690788269043,0.006045818328857422,0.0011639225482940674,0,0.002045869827270508,0.00036623250299961725
dataset/dreamdata/STN_a2_i8_s5_t20000/original_9.json,0.0,0.0,0.0027000904083251953,0.008374929428100586,0.0009719145298004151,0,0.002438068389892578,0.0003514253913457669
dataset/dreamdata/STN_a2_i8_s5_t20000/original_2.json,0.36,0.11,0.003366708755493164,0.04002189636230469,0.002021968364715576,0,0.0017390251159667969,0.00038121932715027776
dataset/dreamdata/STN_a2_i8_s5_t20000/original_3.json,0.43,0.0,0.001886129379272461,0.007563114166259766,0.0011786770820617675,0,0.0063250064849853516,0.0006931259404474767
dataset/dreamdata/STN_a2_i8_s5_t20000/original_0.json,0.6,0.0,0.0018508434295654297,0.037049055099487305,0.0019643652439117433,0,0.006444215774536133,0.0006533543668200623
dataset/dreamdata/STN_a2_i8_s5_t20000/original_1.json,0.745,0.415,0.0025620460510253906,0.0068302154541015625,0.001151653528213501,0,0.0022509098052978516,0.00036372850887739477
dataset/dreamdata/STN_a2_i8_s5_t20000/original_6.json,0.0,0.0,0.0012688636779785156,0.0051441192626953125,0.0004438269138336182,0,0.005011320114135742,0.00044275887647465844
dataset/dreamdata/STN_a2_i8_s5_t20000/original_7.json,1.0,1.0,0.0006380081176757812,0.0011818408966064453,0.00038642048835754397,0,0.02772688865661621,0.0016157567201547287
dataset/dreamdata/STN_a2_i8_s1_t1000/original_8.json,0.0,0.0,0.0010669231414794922,0.0007398128509521484,0.0003494954109191895,0,0.0007197856903076172,0.0003604469586856401
dataset/dreamdata/STN_a2_i8_s1_t1000/original_4.json,0.0,0.0,0.00138092041015625,0.0012998580932617188,0.00041532397270202634,0,0.001519918441772461,0.000409139460654714
dataset/dreamdata/STN_a2_i8_s1_t1000/original_5.json,1.0,1.0,0.002467632293701172,0.037070274353027344,0.0018857026100158691,0,0.020288705825805664,0.0017469708044924328
dataset/dreamdata/STN_a2_i8_s1_t1000/original_9.json,0.92,1.0,0.0034847259521484375,0.035768985748291016,0.0019199609756469726,0,0.03334188461303711,0.0017649156963405897
dataset/dreamdata/STN_a2_i8_s1_t1000/original_2.json,0.16,0.0,0.006585121154785156,0.0647268295288086,0.001984184980392456,0,0.0015680789947509766,0.00036293178347486944
dataset/dreamdata/STN_a2_i8_s1_t1000/original_3.json,0.0,0.0,0.0020720958709716797,0.0016508102416992188,0.0002903270721435547,0,0.0016341209411621094,0.0003025759404628121
dataset/dreamdata/STN_a2_i8_s1_t1000/original_0.json,0.43,0.0,0.005713939666748047,0.006049156188964844,0.0011646640300750732,0,0.0014278888702392578,0.000369603909439777
dataset/dreamdata/STN_a2_i8_s1_t1000/original_1.json,0.0,0.0,0.0008618831634521484,0.0018057823181152344,0.00040329933166503905,0,0.0017888545989990234,0.0003972053527832031
dataset/dreamdata/STN_a2_i8_s1_t1000/original_6.json,0.0,0.0,0.0005888938903808594,0.0014240741729736328,0.00037834763526916503,0,0.001399993896484375,0.0003736198847018295
dataset/dreamdata/STN_a2_i8_s1_t1000/original_7.json,0.615,0.04,0.0025610923767089844,0.048310041427612305,0.0019834816455841066,0,0.0307309627532959,0.0019504664531305208
dataset/dreamdata/STN_a3_i4_s3_t3000/original_8.json,0.06,0.045,0.004586696624755859,0.002499103546142578,0.0003050267696380615,0,0.0056269168853759766,0.000884041714308849
dataset/dreamdata/STN_a3_i4_s3_t3000/original_4.json,0.99,1.0,0.0009179115295410156,0.04766726493835449,0.001819397211074829,0,0.02790093421936035,0.0015979496078874598
dataset/dreamdata/STN_a3_i4_s3_t3000/original_5.json,0.0,0.0,0.0017948150634765625,0.0006759166717529297,0.0003597390651702881,0,0.0006630420684814453,0.00034853202014712234
dataset/dreamdata/STN_a3_i4_s3_t3000/original_9.json,0.0,0.0,0.0072078704833984375,0.0020780563354492188,0.00029835939407348635,0,0.0015780925750732422,0.00026999526287443075
dataset/dreamdata/STN_a3_i4_s3_t3000/original_2.json,0.07,0.1,0.025101184844970703,0.0009331703186035156,0.0002826786041259766,0,0.0028600692749023438,0.00025658032402920366
dataset/dreamdata/STN_a3_i4_s3_t3000/original_3.json,0.19,0.0,0.0025548934936523438,0.005972862243652344,0.0011218333244323731,0,0.0009379386901855469,0.00040547691996972165
dataset/dreamdata/STN_a3_i4_s3_t3000/original_0.json,0.925,1.0,0.0006990432739257812,0.005274772644042969,0.0007673001289367676,0,0.027127981185913086,0.0015521648541167753
dataset/dreamdata/STN_a3_i4_s3_t3000/original_1.json,0.025,0.005,0.006582975387573242,0.0022699832916259766,0.0003568863868713379,0,0.0025599002838134766,0.0003219729092851955
dataset/dreamdata/STN_a3_i4_s3_t3000/original_6.json,0.0,0.0,0.0029299259185791016,0.0006458759307861328,0.00033220887184143066,0,0.0006308555603027344,0.0003426662042512366
dataset/dreamdata/STN_a3_i4_s3_t3000/original_7.json,0.0,0.005,0.00506591796875,0.004194974899291992,0.00039800405502319334,0,0.000993967056274414,0.0003699717210165819
dataset/dreamdata/STN_a2_i8_s5_t10000/original_8.json,0.59,0.005,0.0032880306243896484,0.007104635238647461,0.0010512173175811768,0,0.0034859180450439453,0.0003780348217068006
dataset/dreamdata/STN_a2_i8_s5_t10000/original_4.json,0.835,0.73,0.0018482208251953125,0.00682377815246582,0.0009705579280853272,0,0.0028350353240966797,0.0003727956033831266
dataset/dreamdata/STN_a2_i8_s5_t10000/original_5.json,0.005,0.0,0.0011539459228515625,0.0036590099334716797,0.00035178661346435547,0,0.0035080909729003906,0.00032938904498689737
dataset/dreamdata/STN_a2_i8_s5_t10000/original_9.json,0.91,0.59,0.0009720325469970703,0.006609916687011719,0.001129002571105957,0,0.0006368160247802734,0.00038636629305892253
dataset/dreamdata/STN_a2_i8_s5_t10000/original_2.json,0.075,0.13,0.003373861312866211,0.03467226028442383,0.0017942893505096436,0,0.0019867420196533203,0.0003329197965075622
dataset/dreamdata/STN_a2_i8_s5_t10000/original_3.json,0.21,0.015,0.004797935485839844,0.03734397888183594,0.002003682851791382,0,0.0009908676147460938,0.0003894801115869877
dataset/dreamdata/STN_a2_i8_s5_t10000/original_0.json,0.81,0.39,0.0036330223083496094,0.007012128829956055,0.0013395869731903077,0,0.002254009246826172,0.0004137185350734385
dataset/dreamdata/STN_a2_i8_s5_t10000/original_1.json,0.165,0.055,0.004142045974731445,0.006505012512207031,0.001164168119430542,0,0.0013341903686523438,0.0003455272272004554
dataset/dreamdata/STN_a2_i8_s5_t10000/original_6.json,0.965,0.71,0.0005648136138916016,0.006681919097900391,0.0010487258434295655,0,0.0019080638885498047,0.0004485959383710545
dataset/dreamdata/STN_a2_i8_s5_t10000/original_7.json,0.095,0.08,0.0024449825286865234,0.0035037994384765625,0.0003788495063781738,0,0.0010030269622802734,0.00033789184225264506
dataset/dreamdata/STN_a3_i8_s5_t20000/original_8.json,0.26,0.125,0.0034329891204833984,0.04903984069824219,0.0018327808380126953,0,0.0030820369720458984,0.0004117249244421571
dataset/dreamdata/STN_a3_i8_s5_t20000/original_4.json,0.025,0.03,0.0035190582275390625,0.0030782222747802734,0.00030528783798217774,0,0.003010988235473633,0.0002955264182546031
dataset/dreamdata/STN_a3_i8_s5_t20000/original_5.json,0.46,0.0,0.004288911819458008,0.007617950439453125,0.001084078550338745,0,0.005109071731567383,0.00020025722944556768
dataset/dreamdata/STN_a3_i8_s5_t20000/original_9.json,0.08,0.075,0.004141807556152344,0.005621194839477539,0.0013267934322357179,0,0.0016529560089111328,0.0003926406553642235
dataset/dreamdata/STN_a3_i8_s5_t20000/original_2.json,0.47,0.21,0.008188962936401367,0.006960153579711914,0.0014443862438201904,0,0.0024099349975585938,0.0003536274684733482
dataset/dreamdata/STN_a3_i8_s5_t20000/original_3.json,0.975,1.0,0.0009560585021972656,0.03198981285095215,0.002037491798400879,0,0.031089067459106445,0.0018166848762550547
dataset/dreamdata/STN_a3_i8_s5_t20000/original_0.json,0.305,0.0,0.0043141841888427734,0.04792308807373047,0.0017718541622161865,0,0.005528926849365234,0.000180415771714407
dataset/dreamdata/STN_a3_i8_s5_t20000/original_1.json,0.99,1.0,0.0015859603881835938,0.06552815437316895,0.0020798254013061524,0,0.024647235870361328,0.0019193462390995504
dataset/dreamdata/STN_a3_i8_s5_t20000/original_6.json,0.0,0.005,0.004006862640380859,0.0026628971099853516,0.00036610960960388185,0,0.0029151439666748047,0.00034520973512275734
dataset/dreamdata/STN_a3_i8_s5_t20000/original_7.json,0.14,0.0,0.008610010147094727,0.009268999099731445,0.0014853060245513916,0,0.0054399967193603516,0.00016192695004257126
dataset/dreamdata/STN_a4_i8_s5_t20000/original_8.json,0.215,0.13,0.003055095672607422,0.006487131118774414,0.0014352178573608398,0,0.006920814514160156,0.0013679559506363606
dataset/dreamdata/STN_a4_i8_s5_t20000/original_4.json,0.0,0.0,0.00368499755859375,0.0021970272064208984,0.00036424756050109866,0,0.002105712890625,0.0003669777108197236
dataset/dreamdata/STN_a4_i8_s5_t20000/original_5.json,0.07,0.02,0.0015060901641845703,0.00911569595336914,0.0011750853061676025,0,0.002547025680541992,0.0003744465621871565
dataset/dreamdata/STN_a4_i8_s5_t20000/original_9.json,0.455,1.0,0.0013921260833740234,0.0019159317016601562,0.0003665459156036377,0,0.031104087829589844,0.0019176617339627827
dataset/dreamdata/STN_a4_i8_s5_t20000/original_2.json,0.325,0.0,0.0023908615112304688,0.01325368881225586,0.0017933166027069092,0,0.0062940120697021484,0.0001193878039642794
dataset/dreamdata/STN_a4_i8_s5_t20000/original_3.json,0.23,0.155,0.002877950668334961,0.001931905746459961,0.0004602646827697754,0,0.0029621124267578125,0.000427791221656991
dataset/dreamdata/STN_a4_i8_s5_t20000/original_0.json,0.13,0.015,0.003366231918334961,0.03663277626037598,0.001850724220275879,0,0.0022192001342773438,0.0003891111019268707
dataset/dreamdata/STN_a4_i8_s5_t20000/original_1.json,0.155,0.0,0.001341104507446289,0.017201900482177734,0.0020643985271453858,0,0.004952907562255859,0.0001183909986486387
dataset/dreamdata/STN_a4_i8_s5_t20000/original_6.json,0.365,0.355,0.0013561248779296875,0.006969928741455078,0.0015170514583587647,0,0.006376981735229492,0.001446702372488664
dataset/dreamdata/STN_a4_i8_s5_t20000/original_7.json,1.0,1.0,0.0008118152618408203,0.03371000289916992,0.001868605613708496,0,0.03427886962890625,0.0016858110475779777
dataset/dreamdata/STN_a4_i4_s1_t1000/original_8.json,0.045,0.03,0.002736806869506836,0.019674301147460938,0.0015977084636688232,0,0.0023529529571533203,0.00034426923972278385
dataset/dreamdata/STN_a4_i4_s1_t1000/original_4.json,0.905,0.44,0.0028090476989746094,0.08153390884399414,0.001912130117416382,0,0.029924869537353516,0.001866422106872252
dataset/dreamdata/STN_a4_i4_s1_t1000/original_5.json,1.0,1.0,0.0009469985961914062,0.010807037353515625,0.0016833817958831787,0,0.027717113494873047,0.0015798142207926842
dataset/dreamdata/STN_a4_i4_s1_t1000/original_9.json,0.435,0.46,0.0012040138244628906,0.004331827163696289,0.0006636571884155273,0,0.02039194107055664,0.0011366108554092483
dataset/dreamdata/STN_a4_i4_s1_t1000/original_2.json,0.975,1.0,0.0007371902465820312,0.004724979400634766,0.0006537914276123046,0,0.02849888801574707,0.0013740517985281633
dataset/dreamdata/STN_a4_i4_s1_t1000/original_3.json,0.28,0.0,0.0008080005645751953,0.024946928024291992,0.0014902770519256592,0,0.02239394187927246,0.0012449750948191887
dataset/dreamdata/STN_a4_i4_s1_t1000/original_0.json,0.0,0.0,0.0006020069122314453,0.0010361671447753906,0.0003725290298461914,0,0.001165151596069336,0.0003824030334626011
dataset/dreamdata/STN_a4_i4_s1_t1000/original_1.json,0.98,0.715,0.0007240772247314453,0.027671098709106445,0.0015058672428131103,0,0.023964881896972656,0.0012628720633348627
dataset/dreamdata/STN_a4_i4_s1_t1000/original_6.json,0.015,0.0,0.0016851425170898438,0.0054280757904052734,0.0010856270790100097,0,0.004898786544799805,0.0003260523829627876
dataset/dreamdata/STN_a4_i4_s1_t1000/original_7.json,0.0,0.0,0.0013260841369628906,0.0031747817993164062,0.00036675095558166506,0,0.0031380653381347656,0.00036619416433363104
dataset/dreamdata/STN_a2_i8_s5_t5000/original_8.json,0.09,0.05,0.0021848678588867188,0.002257108688354492,0.0003859376907348633,0,0.0022401809692382812,0.0003806035123278747
dataset/dreamdata/STN_a2_i8_s5_t5000/original_4.json,0.435,0.0,0.0020151138305664062,0.038194894790649414,0.002070428133010864,0,0.0010781288146972656,0.0003509449599376276
dataset/dreamdata/STN_a2_i8_s5_t5000/original_5.json,0.01,0.02,0.003627777099609375,0.0009500980377197266,0.00036839962005615236,0,0.0006928443908691406,0.00035533952952629356
dataset/dreamdata/STN_a2_i8_s5_t5000/original_9.json,0.02,0.01,0.0031249523162841797,0.0029137134552001953,0.00041256308555603026,0,0.0024569034576416016,0.0003737384949497242
dataset/dreamdata/STN_a2_i8_s5_t5000/original_2.json,0.81,0.36,0.0008249282836914062,0.0290830135345459,0.0017413091659545898,0,0.003106832504272461,0.0003604852973516263
dataset/dreamdata/STN_a2_i8_s5_t5000/original_3.json,0.065,0.05,0.001132965087890625,0.001516103744506836,0.00033798813819885254,0,0.0014920234680175781,0.0003366638068577752
dataset/dreamdata/STN_a2_i8_s5_t5000/original_0.json,0.07,0.025,0.004320859909057617,0.006891012191772461,0.001129986047744751,0,0.0019288063049316406,0.00035185310708817525
dataset/dreamdata/STN_a2_i8_s5_t5000/original_1.json,0.985,1.0,0.0018858909606933594,0.034841060638427734,0.002122520208358765,0,0.0323488712310791,0.001876990399768005
dataset/dreamdata/STN_a2_i8_s5_t5000/original_6.json,0.0,0.01,0.0019631385803222656,0.0009601116180419922,0.0003183150291442871,0,0.0012059211730957031,0.00034682355334411316
dataset/dreamdata/STN_a2_i8_s5_t5000/original_7.json,0.02,0.0,0.009947061538696289,0.04250979423522949,0.0021630144119262696,0,0.0018758773803710938,0.0003978846660211458
dataset/dreamdata/STN_a3_i8_s5_t10000/original_8.json,0.0,0.0,0.0046138763427734375,0.0070421695709228516,0.0012925446033477783,0,0.0031278133392333984,0.0003863183697264398
dataset/dreamdata/STN_a3_i8_s5_t10000/original_4.json,0.23,0.185,0.0032091140747070312,0.036340951919555664,0.002018098831176758,0,0.0031609535217285156,0.00038269536579074574
dataset/dreamdata/STN_a3_i8_s5_t10000/original_5.json,0.115,0.14,0.002140045166015625,0.0019221305847167969,0.00038270115852355956,0,0.0019021034240722656,0.00038079041332455735
dataset/dreamdata/STN_a3_i8_s5_t10000/original_9.json,0.03,0.045,0.0017230510711669922,0.0019719600677490234,0.00037611842155456544,0,0.0020339488983154297,0.00037540622692012305
dataset/dreamdata/STN_a3_i8_s5_t10000/original_2.json,0.005,0.0,0.015764951705932617,0.003002166748046875,0.00031898975372314454,0,0.0016450881958007812,0.00029502801559678273
dataset/dreamdata/STN_a3_i8_s5_t10000/original_3.json,0.445,0.025,0.0038137435913085938,0.06286120414733887,0.0021144235134124756,0,0.00197601318359375,0.0003621973584045717
dataset/dreamdata/STN_a3_i8_s5_t10000/original_0.json,0.435,0.005,0.0066852569580078125,0.06880688667297363,0.0018612432479858398,0,0.0013027191162109375,0.0003943407355840482
dataset/dreamdata/STN_a3_i8_s5_t10000/original_1.json,0.0,0.005,0.0011372566223144531,0.003086090087890625,0.0003204512596130371,0,0.003070831298828125,0.0003198954328220693
dataset/dreamdata/STN_a3_i8_s5_t10000/original_6.json,0.73,0.2,0.0013210773468017578,0.023440122604370117,0.0019987118244171142,0,0.0015208721160888672,0.00043375647846777835
dataset/dreamdata/STN_a3_i8_s5_t10000/original_7.json,0.37,0.345,0.0010068416595458984,0.0012269020080566406,0.0003168869018554687,0,0.028814077377319336,0.0017145506700678686
dataset/dreamdata/STN_a3_i4_s1_t2000/original_8.json,0.0,0.53,0.0012102127075195312,0.004586935043334961,0.0008631539344787597,0,0.02798604965209961,0.0015940246869571245
dataset/dreamdata/STN_a3_i4_s1_t2000/original_4.json,0.985,0.99,0.0017390251159667969,0.025286197662353516,0.0015527307987213135,0,0.02212381362915039,0.0014525142746355066
dataset/dreamdata/STN_a3_i4_s1_t2000/original_5.json,1.0,1.0,0.0008220672607421875,0.03187894821166992,0.001800774335861206,0,0.02823781967163086,0.001580850562857623
dataset/dreamdata/STN_a3_i4_s1_t2000/original_9.json,0.0,1.0,0.002543210983276367,0.0031921863555908203,0.0003185784816741943,0,0.03202390670776367,0.001759805871014619
dataset/dreamdata/STN_a3_i4_s1_t2000/original_2.json,0.205,0.125,0.006891012191772461,0.015289068222045898,0.002048860788345337,0,0.004904031753540039,0.0012228153458791761
dataset/dreamdata/STN_a3_i4_s1_t2000/original_3.json,0.0,0.0,0.00815892219543457,0.005885124206542969,0.0011569654941558838,0,0.0030241012573242188,0.0002970084473116314
dataset/dreamdata/STN_a3_i4_s1_t2000/original_0.json,0.135,0.0,0.005849123001098633,0.005632877349853516,0.001221773624420166,0,0.004890918731689453,0.0002147097084390458
dataset/dreamdata/STN_a3_i4_s1_t2000/original_1.json,0.93,0.02,0.002897977828979492,0.034507036209106445,0.002015883922576904,0,0.031092405319213867,0.001806232797440572
dataset/dreamdata/STN_a3_i4_s1_t2000/original_6.json,0.35,0.0,0.003526926040649414,0.013015031814575195,0.0018671035766601562,0,0.005772113800048828,0.00025900644273614163
dataset/dreamdata/STN_a3_i4_s1_t2000/original_7.json,0.0,0.0,0.0012919902801513672,0.00238800048828125,0.0003176558017730713,0,0.0023479461669921875,0.0003142165179228663
dataset/dreamdata/STN_a4_i8_s5_t10000/original_8.json,0.01,0.01,0.005873918533325195,0.002415895462036133,0.0003738880157470703,0,0.0023810863494873047,0.00038237308137979936
dataset/dreamdata/STN_a4_i8_s5_t10000/original_4.json,0.045,0.015,0.0030410289764404297,0.0015249252319335938,0.00036218881607055667,0,0.001458883285522461,0.0003569377726645925
dataset/dreamdata/STN_a4_i8_s5_t10000/original_5.json,0.015,0.005,0.0040950775146484375,0.04805397987365723,0.0020169222354888914,0,0.0022242069244384766,0.0003220711521167851
dataset/dreamdata/STN_a4_i8_s5_t10000/original_9.json,0.0,0.0,0.012051820755004883,0.0008063316345214844,0.00038782358169555666,0,0.0016279220581054688,0.0003520615735844751
dataset/dreamdata/STN_a4_i8_s5_t10000/original_2.json,0.005,0.0,0.0027511119842529297,0.0012998580932617188,0.00042898774147033693,0,0.0011548995971679688,0.00041915304097697964
dataset/dreamdata/STN_a4_i8_s5_t10000/original_3.json,0.97,1.0,0.0005528926849365234,0.03326106071472168,0.001864105463027954,0,0.03340625762939453,0.0017765167370513456
dataset/dreamdata/STN_a4_i8_s5_t10000/original_0.json,0.0,0.005,0.0018842220306396484,0.0026459693908691406,0.00039388418197631834,0,0.0022728443145751953,0.0003897005589164082
dataset/dreamdata/STN_a4_i8_s5_t10000/original_1.json,0.055,0.005,0.012612104415893555,0.005719900131225586,0.0013327312469482422,0,0.0019006729125976562,0.0004018551141173396
dataset/dreamdata/STN_a4_i8_s5_t10000/original_6.json,0.155,0.17,0.0012218952178955078,0.003049135208129883,0.00042998671531677243,0,0.0030498504638671875,0.0004367157442485867
dataset/dreamdata/STN_a4_i8_s5_t10000/original_7.json,0.0,0.0,0.0032122135162353516,0.0021467208862304688,0.00033425331115722657,0,0.0017821788787841797,0.00030908991943052664
dataset/dreamdata/STN_a3_i4_s3_t6000/original_8.json,1.0,1.0,0.0009758472442626953,0.03579211235046387,0.001896195411682129,0,0.028153657913208008,0.0016165426628074453
dataset/dreamdata/STN_a3_i4_s3_t6000/original_4.json,0.0,0.0,0.004111051559448242,0.0057218074798583984,0.000637514591217041,0,0.005100727081298828,5.2531160900940245e-05
dataset/dreamdata/STN_a3_i4_s3_t6000/original_5.json,0.01,0.0,0.004097938537597656,0.01800084114074707,0.001914430856704712,0,0.0017659664154052734,0.0003240683569980027
dataset/dreamdata/STN_a3_i4_s3_t6000/original_9.json,0.005,0.245,0.00222015380859375,0.005561113357543945,0.0011148202419281007,0,0.030292987823486328,0.0019094620517749882
dataset/dreamdata/STN_a3_i4_s3_t6000/original_2.json,0.585,0.0,0.0021331310272216797,0.008475065231323242,0.0010642504692077637,0,0.006845951080322266,5.7607439894173014e-05
dataset/dreamdata/STN_a3_i4_s3_t6000/original_3.json,0.0,0.0,0.006573200225830078,0.0028657913208007812,0.00035624384880065916,0,0.0017316341400146484,0.00032364183933890643
dataset/dreamdata/STN_a3_i4_s3_t6000/original_0.json,0.485,0.0,0.0012447834014892578,0.030903100967407227,0.0017974019050598145,0,0.004393339157104492,0.0004728715024401794
dataset/dreamdata/STN_a3_i4_s3_t6000/original_1.json,0.935,1.0,0.0009920597076416016,0.008299827575683594,0.0009218263626098633,0,0.03184795379638672,0.0017310446830251108
dataset/dreamdata/STN_a3_i4_s3_t6000/original_6.json,0.47,0.0,0.0037348270416259766,0.052558183670043945,0.0021013379096984862,0,0.0046923160552978516,0.0008331040042129593
dataset/dreamdata/STN_a3_i4_s3_t6000/original_7.json,0.68,0.63,0.002361297607421875,0.0034699440002441406,0.00036486148834228514,0,0.002637147903442383,0.0003639321830404464
dataset/dreamdata/STN_a2_i8_s1_t4000/original_8.json,0.0,0.0,0.006250858306884766,0.0014450550079345703,0.0003714609146118164,0,0.0010030269622802734,0.0003261793797938668
dataset/dreamdata/STN_a2_i8_s1_t4000/original_4.json,0.0,0.0,0.0036268234252929688,0.0007779598236083984,0.00033101677894592285,0,0.0007369518280029297,0.0003274613289377797
dataset/dreamdata/STN_a2_i8_s1_t4000/original_5.json,0.02,0.045,0.00186920166015625,0.0008347034454345703,0.00036546826362609863,0,0.0008120536804199219,0.00036983154526906996
dataset/dreamdata/STN_a2_i8_s1_t4000/original_9.json,0.05,0.0,0.0058329105377197266,0.007030010223388672,0.001141061782836914,0,0.0025739669799804688,0.00036057036126678314
dataset/dreamdata/STN_a2_i8_s1_t4000/original_2.json,0.52,0.0,0.002207040786743164,0.03639793395996094,0.001759803295135498,0,0.002971172332763672,0.0003462161251048946
dataset/dreamdata/STN_a2_i8_s1_t4000/original_3.json,0.55,0.0,0.0008242130279541016,0.03321218490600586,0.001796203851699829,0,0.005763053894042969,0.00023503758799490616
dataset/dreamdata/STN_a2_i8_s1_t4000/original_0.json,0.065,0.0,0.008561849594116211,0.007561922073364258,0.0012430095672607423,0,0.0014281272888183594,0.0003671334616502925
dataset/dreamdata/STN_a2_i8_s1_t4000/original_1.json,0.0,0.0,0.001196146011352539,0.0007479190826416016,0.00035790205001831057,0,0.0006921291351318359,0.0003494653270472234
dataset/dreamdata/STN_a2_i8_s1_t4000/original_6.json,0.03,0.02,0.013139009475708008,0.0037009716033935547,0.00033597588539123534,0,0.0007312297821044922,0.0003031258607030514
dataset/dreamdata/STN_a2_i8_s1_t4000/original_7.json,0.0,0.0,0.004594087600708008,0.0021369457244873047,0.0003756213188171387,0,0.0009489059448242188,0.0003702580629281662
dataset/dreamdata/STN_a2_i4_s3_t12000/original_8.json,0.02,0.0,0.0035071372985839844,0.002513885498046875,0.00035944461822509763,0,0.005208015441894531,0.0002747564459565896
dataset/dreamdata/STN_a2_i4_s3_t12000/original_4.json,0.435,0.54,0.004829883575439453,0.0061719417572021484,0.0008838057518005371,0,0.0036699771881103516,0.00027274486407562713
dataset/dreamdata/STN_a2_i4_s3_t12000/original_5.json,0.67,0.23,0.0022919178009033203,0.04545116424560547,0.0021567070484161377,0,0.03403592109680176,0.001991802723563496
dataset/dreamdata/STN_a2_i4_s3_t12000/original_9.json,1.0,1.0,0.0008146762847900391,0.030270099639892578,0.0020407664775848387,0,0.029982805252075195,0.001869499982900955
dataset/dreamdata/STN_a2_i4_s3_t12000/original_2.json,0.265,0.085,0.0044591426849365234,0.005879878997802734,0.0011398565769195556,0,0.005724906921386719,0.0010296304022247467
dataset/dreamdata/STN_a2_i4_s3_t12000/original_3.json,1.0,1.0,0.0014109611511230469,0.03157973289489746,0.0019966471195220947,0,0.03107929229736328,0.001864961643314841
dataset/dreamdata/STN_a2_i4_s3_t12000/original_0.json,0.855,1.0,0.0013549327850341797,0.0029392242431640625,0.0003704249858856201,0,0.028855085372924805,0.0017661401374855234
dataset/dreamdata/STN_a2_i4_s3_t12000/original_1.json,0.505,0.12,0.004256010055541992,0.036520957946777344,0.0022771191596984864,0,0.0017468929290771484,0.0003393870502261061
dataset/dreamdata/STN_a2_i4_s3_t12000/original_6.json,1.0,1.0,0.002154827117919922,0.003702878952026367,0.00039136171340942383,0,0.03244900703430176,0.0019800818745215336
dataset/dreamdata/STN_a2_i4_s3_t12000/original_7.json,0.205,1.0,0.004609823226928711,0.0029511451721191406,0.0003219473361968994,0,0.043115854263305664,0.0021183442829841347
dataset/dreamdata/STN_a4_i4_s1_t2000/original_8.json,0.965,1.0,0.0005910396575927734,0.028532028198242188,0.0016583943367004395,0,0.025190114974975586,0.0016505610403703085
dataset/dreamdata/STN_a4_i4_s1_t2000/original_4.json,0.075,0.065,0.004194021224975586,0.0051190853118896484,0.0009266531467437744,0,0.006010770797729492,0.0008181543206449729
dataset/dreamdata/STN_a4_i4_s1_t2000/original_5.json,0.0,0.0,0.0022530555725097656,0.0025148391723632812,0.00034313797950744627,0,0.002493143081665039,0.00033952123555705776
dataset/dreamdata/STN_a4_i4_s1_t2000/original_9.json,0.515,0.545,0.0007479190826416016,0.031282901763916016,0.001784963607788086,0,0.02813887596130371,0.0015974655822293842
dataset/dreamdata/STN_a4_i4_s1_t2000/original_2.json,0.96,1.0,0.001827239990234375,0.04412984848022461,0.001783909797668457,0,0.0293428897857666,0.0016113561601495024
dataset/dreamdata/STN_a4_i4_s1_t2000/original_3.json,0.0,0.0,0.0006589889526367188,0.0026760101318359375,0.0003626954555511475,0,0.0028078556060791016,0.0003614365755014084
dataset/dreamdata/STN_a4_i4_s1_t2000/original_0.json,0.93,1.0,0.0010480880737304688,0.05038738250732422,0.0018121099472045898,0,0.029613733291625977,0.0015457910508965727
dataset/dreamdata/STN_a4_i4_s1_t2000/original_1.json,0.91,1.0,0.0009980201721191406,0.03407692909240723,0.0016959798336029053,0,0.02911996841430664,0.001530607741082733
dataset/dreamdata/STN_a4_i4_s1_t2000/original_6.json,0.965,1.0,0.0006890296936035156,0.0315546989440918,0.0016791248321533204,0,0.027520179748535156,0.0015428114176994593
dataset/dreamdata/STN_a4_i4_s1_t2000/original_7.json,0.0,0.0,0.0024039745330810547,0.002544879913330078,0.00028707265853881834,0,0.0025129318237304688,0.00028291778947839785
dataset/dreamdata/STN_a4_i4_s3_t6000/original_8.json,0.0,0.0,0.0042150020599365234,0.0030977725982666016,0.0002944087982177734,0,0.001445770263671875,0.000276082724183049
dataset/dreamdata/STN_a4_i4_s3_t6000/original_4.json,0.4,0.415,0.0006189346313476562,0.002174854278564453,0.00031417250633239744,0,0.001744985580444336,0.0002876633974774998
dataset/dreamdata/STN_a4_i4_s3_t6000/original_5.json,0.715,0.265,0.0010900497436523438,0.005887031555175781,0.0009199774265289307,0,0.00644373893737793,0.0008626092019392617
dataset/dreamdata/STN_a4_i4_s3_t6000/original_9.json,0.855,0.05,0.0010192394256591797,0.02412581443786621,0.0015890860557556152,0,0.025344133377075195,0.0013433053864905582
dataset/dreamdata/STN_a4_i4_s3_t6000/original_2.json,0.225,0.0,0.0032761096954345703,0.006895780563354492,0.001129140853881836,0,0.005903005599975586,0.00035925007345688405
dataset/dreamdata/STN_a4_i4_s3_t6000/original_3.json,0.91,0.505,0.0007550716400146484,4.000143051147461,0.0018218588829040528,0,0.0272519588470459,0.001558417650922459
dataset/dreamdata/STN_a4_i4_s3_t6000/original_0.json,0.55,0.475,0.0009260177612304688,0.0059359073638916016,0.0008379995822906494,0,0.027817249298095703,0.0015893198137906328
dataset/dreamdata/STN_a4_i4_s3_t6000/original_1.json,0.825,0.645,0.0008940696716308594,0.025443077087402344,0.0013549065589904786,0,0.022767066955566406,0.0012132762065484896
dataset/dreamdata/STN_a4_i4_s3_t6000/original_6.json,0.035,0.01,0.003123760223388672,0.01415705680847168,0.0018329334259033203,0,0.0019049644470214844,0.0003245919194053765
dataset/dreamdata/STN_a4_i4_s3_t6000/original_7.json,0.96,1.0,0.0005271434783935547,0.005220174789428711,0.0007531762123107911,0,0.029632091522216797,0.0014676173128674377
dataset/dreamdata/STN_a2_i8_s3_t3000/original_8.json,0.0,0.005,0.0013780593872070312,0.0006830692291259766,0.0003294289112091064,0,0.0006730556488037109,0.0003267951946162698
dataset/dreamdata/STN_a2_i8_s3_t3000/original_4.json,0.255,0.0,0.0031518936157226562,0.03195309638977051,0.0018302071094512939,0,0.005606889724731445,5.1623013750392586e-05
dataset/dreamdata/STN_a2_i8_s3_t3000/original_5.json,0.055,0.045,0.0009839534759521484,0.0026819705963134766,0.00035036206245422365,0,0.002686023712158203,0.00034901364963857374
dataset/dreamdata/STN_a2_i8_s3_t3000/original_9.json,0.0,0.0,0.0018041133880615234,0.0033369064331054688,0.0003959381580352783,0,0.0016188621520996094,0.00038253961496017685
dataset/dreamdata/STN_a2_i8_s3_t3000/original_2.json,0.0,0.0,0.007253170013427734,0.002655029296875,0.00033247113227844236,0,0.0018188953399658203,0.0003020595665553107
dataset/dreamdata/STN_a2_i8_s3_t3000/original_3.json,0.0,0.0,0.0038852691650390625,0.0034580230712890625,0.00042685389518737793,0,0.002187013626098633,0.0003999034364019806
dataset/dreamdata/STN_a2_i8_s3_t3000/original_0.json,0.8,0.595,0.003428220748901367,0.0349268913269043,0.002073347568511963,0,0.0071489810943603516,0.0010169007670340227
dataset/dreamdata/STN_a2_i8_s3_t3000/original_1.json,0.21,0.0,0.003208160400390625,0.008332014083862305,0.0010569357872009277,0,0.002568960189819336,0.00036105917925810695
dataset/dreamdata/STN_a2_i8_s3_t3000/original_6.json,0.51,0.0,0.002803325653076172,0.037950992584228516,0.001908947229385376,0,0.0016021728515625,0.0003999441712345909
dataset/dreamdata/STN_a2_i8_s3_t3000/original_7.json,0.0,0.005,0.0021200180053710938,0.0011501312255859375,0.0003915297985076904,0,0.0013120174407958984,0.0003906123003168921
dataset/dreamdata/STN_a3_i4_s1_t1000/original_8.json,0.0,0.0,0.0016679763793945312,0.0031709671020507812,0.0003344309329986572,0,0.002838134765625,0.00032080477805592904
dataset/dreamdata/STN_a3_i4_s1_t1000/original_4.json,0.08,0.0,0.0026450157165527344,0.005362033843994141,0.0009027409553527832,0,0.0036191940307617188,0.0003055040560775067
dataset/dreamdata/STN_a3_i4_s1_t1000/original_5.json,0.0,0.0,0.001795053482055664,0.0030069351196289062,0.0003326690196990967,0,0.0033550262451171875,0.0003394960758075043
dataset/dreamdata/STN_a3_i4_s1_t1000/original_9.json,0.975,1.0,0.0027997493743896484,0.005364894866943359,0.0009070694446563721,0,0.021080732345581055,0.0011170305798401186
dataset/dreamdata/STN_a3_i4_s1_t1000/original_2.json,0.985,1.0,0.0009548664093017578,0.03185915946960449,0.001837102174758911,0,0.028632164001464844,0.0016511073663606117
dataset/dreamdata/STN_a3_i4_s1_t1000/original_3.json,0.215,0.0,0.0011582374572753906,0.005635738372802734,0.0007241225242614746,0,0.004907131195068359,0.0003585623736357569
dataset/dreamdata/STN_a3_i4_s1_t1000/original_0.json,0.005,0.21,0.0025839805603027344,0.011875152587890625,0.0016199564933776856,0,0.007767200469970703,0.0008952449913599982
dataset/dreamdata/STN_a3_i4_s1_t1000/original_1.json,0.995,1.0,0.0011608600616455078,0.04117131233215332,0.001987018585205078,0,0.03735017776489258,0.0017349971598716238
dataset/dreamdata/STN_a3_i4_s1_t1000/original_6.json,0.0,0.0,0.0018658638000488281,0.003219127655029297,0.00033722519874572753,0,0.0034627914428710938,0.0003210887238008892
dataset/dreamdata/STN_a3_i4_s1_t1000/original_7.json,0.26,0.0,0.0028002262115478516,0.04860281944274902,0.0019340503215789795,0,0.0057201385498046875,0.0007746351424174093
dataset/dreamdata/STN_a4_i4_s3_t12000/original_8.json,0.0,0.215,0.002271890640258789,0.006623029708862305,0.0006301307678222656,0,0.0028641223907470703,0.00031615861097172875
dataset/dreamdata/STN_a4_i4_s3_t12000/original_4.json,0.935,0.0,0.0014882087707519531,0.03772592544555664,0.0019800448417663574,0,0.011865854263305664,0.0005226207138904974
dataset/dreamdata/STN_a4_i4_s3_t12000/original_5.json,0.89,0.955,0.001486063003540039,0.005684852600097656,0.0009751987457275391,0,0.030637025833129883,0.001960908947278507
dataset/dreamdata/STN_a4_i4_s3_t12000/original_9.json,0.965,1.0,0.0005059242248535156,0.034464120864868164,0.0016157770156860353,0,0.02744913101196289,0.001468482329018751
dataset/dreamdata/STN_a4_i4_s3_t12000/original_2.json,0.74,0.425,0.002705097198486328,0.0068149566650390625,0.0012223970890045165,0,0.0029888153076171875,0.0003851071074979389
dataset/dreamdata/STN_a4_i4_s3_t12000/original_3.json,0.09,0.06,0.001444101333618164,0.03364992141723633,0.001890808343887329,0,0.029191017150878906,0.0016563417923510374
dataset/dreamdata/STN_a4_i4_s3_t12000/original_0.json,0.08,0.125,0.004490852355957031,0.0031480789184570312,0.0003229546546936035,0,0.005385160446166992,0.0009249287034997988
dataset/dreamdata/STN_a4_i4_s3_t12000/original_1.json,0.0,0.0,0.005104780197143555,0.004995107650756836,0.0010375165939331054,0,0.004626274108886719,0.0004083367448356283
dataset/dreamdata/STN_a4_i4_s3_t12000/original_6.json,0.495,0.0,0.0037751197814941406,0.05817532539367676,0.0020020771026611327,0,0.00547480583190918,0.00033060629763195863
dataset/dreamdata/STN_a4_i4_s3_t12000/original_7.json,1.0,1.0,0.0010600090026855469,0.005738973617553711,0.0007770812511444092,0,0.025143146514892578,0.0013177634483605774
dataset/dreamdata/STN_a3_i4_s3_t12000/original_8.json,0.005,0.0,0.003008127212524414,0.006027936935424805,0.001083742380142212,0,0.0021812915802001953,0.00036477084135889406
dataset/dreamdata/STN_a3_i4_s3_t12000/original_4.json,0.205,0.0,0.002302885055541992,0.0015947818756103516,0.0003491771221160889,0,0.0057621002197265625,0.00014083589141692347
dataset/dreamdata/STN_a3_i4_s3_t12000/original_5.json,0.975,1.0,0.0008461475372314453,0.03251981735229492,0.0017757797241210937,0,0.028764009475708008,0.0016019667812328243
dataset/dreamdata/STN_a3_i4_s3_t12000/original_9.json,1.0,0.0,0.0011799335479736328,0.006384134292602539,0.0010308325290679932,0,0.006980180740356445,5.285344531188658e-05
dataset/dreamdata/STN_a3_i4_s3_t12000/original_2.json,0.64,0.0,0.001806020736694336,0.03219413757324219,0.0017147839069366455,0,0.0047681331634521484,0.0004527077602980724
dataset/dreamdata/STN_a3_i4_s3_t12000/original_3.json,1.0,1.0,0.0004737377166748047,0.004263162612915039,0.0006489455699920654,0,0.017856836318969727,0.0009478420468431023
dataset/dreamdata/STN_a3_i4_s3_t12000/original_0.json,0.61,0.0,0.004194974899291992,0.0035200119018554688,0.00034972667694091794,0,0.0047419071197509766,0.00028554758234838743
dataset/dreamdata/STN_a3_i4_s3_t12000/original_1.json,0.985,0.0,0.001010894775390625,0.057537078857421875,0.0018035483360290528,0,0.022448062896728516,0.0003656430460100797
dataset/dreamdata/STN_a3_i4_s3_t12000/original_6.json,0.495,0.07,0.0018718242645263672,0.033399105072021484,0.0017771172523498536,0,0.002275705337524414,0.0003108415172327703
dataset/dreamdata/STN_a3_i4_s3_t12000/original_7.json,0.665,0.77,0.0006630420684814453,0.025645971298217773,0.0013277471065521241,0,0.023086071014404297,0.0012478061656856058
dataset/dreamdata/STN_a4_i4_s3_t3000/original_8.json,0.0,0.14,0.0035400390625,0.0077266693115234375,0.000924605131149292,0,0.006141185760498047,0.0008588592011724884
dataset/dreamdata/STN_a4_i4_s3_t3000/original_4.json,0.99,1.0,0.0010068416595458984,0.025139331817626953,0.0013676965236663818,0,0.023535966873168945,0.00125863564074339
dataset/dreamdata/STN_a4_i4_s3_t3000/original_5.json,0.0,0.0,0.006147146224975586,0.01754283905029297,0.002031768560409546,0,0.002516031265258789,0.0003155883233151843
dataset/dreamdata/STN_a4_i4_s3_t3000/original_9.json,0.995,1.0,0.0007009506225585938,0.031781911849975586,0.0018409276008605957,0,0.026710987091064453,0.0017075203171926527
dataset/dreamdata/STN_a4_i4_s3_t3000/original_2.json,0.155,0.0,0.0029706954956054688,0.039473772048950195,0.002055748701095581,0,0.005327939987182617,0.0006255564378134569
dataset/dreamdata/STN_a4_i4_s3_t3000/original_3.json,0.05,0.02,0.003156900405883789,0.0026979446411132812,0.000323028564453125,0,0.0026826858520507812,0.0003229385644347224
dataset/dreamdata/STN_a4_i4_s3_t3000/original_0.json,0.955,1.0,0.0006651878356933594,0.033600807189941406,0.0018316149711608888,0,0.01975107192993164,0.0016259955401396631
dataset/dreamdata/STN_a4_i4_s3_t3000/original_1.json,1.0,1.0,0.000598907470703125,0.02499699592590332,0.0012793958187103272,0,0.022491931915283203,0.0011301088572746546
dataset/dreamdata/STN_a4_i4_s3_t3000/original_6.json,0.0,0.0,0.005744218826293945,0.0035538673400878906,0.0003299868106842041,0,0.0050199031829833984,0.00039317859477134204
dataset/dreamdata/STN_a4_i4_s3_t3000/original_7.json,0.0,0.0,0.0029947757720947266,0.0019462108612060547,0.0002840900421142578,0,0.005053997039794922,0.0005286542614500727
dataset/dreamdata/STN_a3_i4_s1_t4000/original_8.json,0.0,1.0,0.0025169849395751953,0.0027420520782470703,0.0003435206413269043,0,0.029510021209716797,0.0018012823171951063
dataset/dreamdata/STN_a3_i4_s1_t4000/original_4.json,0.975,1.0,0.0010440349578857422,0.02975916862487793,0.001774545907974243,0,0.026882648468017578,0.001579900482791153
dataset/dreamdata/STN_a3_i4_s1_t4000/original_5.json,0.18,0.0,0.0023581981658935547,0.05653095245361328,0.0017175495624542237,0,0.0020189285278320312,0.0003170571734557799
dataset/dreamdata/STN_a3_i4_s1_t4000/original_9.json,0.585,0.965,0.0030968189239501953,0.03488016128540039,0.001802278757095337,0,0.04055905342102051,0.0017916808775321922
dataset/dreamdata/STN_a3_i4_s1_t4000/original_2.json,0.95,1.0,0.0011377334594726562,0.032900094985961914,0.0016862332820892334,0,0.02895379066467285,0.0015983018443812079
dataset/dreamdata/STN_a3_i4_s1_t4000/original_3.json,0.0,1.0,0.0017058849334716797,0.0030019283294677734,0.0003611493110656738,0,0.028165102005004883,0.0016572259778353437
dataset/dreamdata/STN_a3_i4_s1_t4000/original_0.json,0.93,1.0,0.0018019676208496094,0.04334902763366699,0.0018945598602294921,0,0.028331995010375977,0.0018643050936598274
dataset/dreamdata/STN_a3_i4_s1_t4000/original_1.json,0.965,0.49,0.0020661354064941406,0.04694509506225586,0.0019399797916412353,0,0.005915164947509766,0.0009240912432646631
dataset/dreamdata/STN_a3_i4_s1_t4000/original_6.json,0.0,1.0,0.0026543140411376953,0.0031130313873291016,0.00033969283103942873,0,0.0299530029296875,0.0017068673617875755
dataset/dreamdata/STN_a3_i4_s1_t4000/original_7.json,0.985,1.0,0.0008070468902587891,0.0361020565032959,0.0017341041564941405,0,0.026388168334960938,0.001531293044737236
dataset/dreamdata/STN_a2_i8_s3_t6000/original_8.json,0.005,0.0,0.00699925422668457,0.005448818206787109,0.0010760748386383057,0,0.0017092227935791016,0.00030204399147225385
dataset/dreamdata/STN_a2_i8_s3_t6000/original_4.json,0.965,0.64,0.0015652179718017578,0.03136181831359863,0.0018662917613983154,0,0.0028989315032958984,0.00039429640650150166
dataset/dreamdata/STN_a2_i8_s3_t6000/original_5.json,0.265,0.31,0.005056858062744141,0.0015780925750732422,0.00033531785011291503,0,0.0013270378112792969,0.00031419615050656114
dataset/dreamdata/STN_a2_i8_s3_t6000/original_9.json,0.73,0.0,0.003288745880126953,0.006165027618408203,0.0010681807994842528,0,0.0006108283996582031,0.000318659010844015
dataset/dreamdata/STN_a2_i8_s3_t6000/original_2.json,0.145,0.0,0.00663304328918457,0.006356954574584961,0.001043788194656372,0,0.0055789947509765625,9.145928387665869e-05
dataset/dreamdata/STN_a2_i8_s3_t6000/original_3.json,0.965,1.0,0.0007779598236083984,0.03098607063293457,0.0018528151512145997,0,0.02828693389892578,0.0017286305451512936
dataset/dreamdata/STN_a2_i8_s3_t6000/original_0.json,0.0,0.0,0.010469198226928711,0.003237009048461914,0.00038091182708740236,0,0.0008561611175537109,0.00034558713136605883
dataset/dreamdata/STN_a2_i8_s3_t6000/original_1.json,0.985,1.0,0.0012552738189697266,0.03181815147399902,0.0020235157012939453,0,0.02986598014831543,0.001726263132526647
dataset/dreamdata/STN_a2_i8_s3_t6000/original_6.json,0.975,0.86,0.0018460750579833984,0.004942178726196289,0.0010052943229675293,0,0.0026807785034179688,0.00033758273675813145
dataset/dreamdata/STN_a2_i8_s3_t6000/original_7.json,0.055,0.035,0.025901079177856445,0.0031571388244628906,0.00038828611373901365,0,0.0019199848175048828,0.0003631642116374107
dataset/dreamdata/STN_a2_i8_s1_t2000/original_8.json,0.0,0.0,0.001726388931274414,0.0028858184814453125,0.00033109426498413087,0,0.002858877182006836,0.0003269114086975404
dataset/dreamdata/STN_a2_i8_s1_t2000/original_4.json,0.31,0.0,0.00339508056640625,0.005050182342529297,0.001095668077468872,0,0.007623195648193359,0.0004617880337202369
dataset/dreamdata/STN_a2_i8_s1_t2000/original_5.json,0.0,0.0,0.0020780563354492188,0.0022258758544921875,0.00029418587684631347,0,0.0021162033081054688,0.00030569934365737376
dataset/dreamdata/STN_a2_i8_s1_t2000/original_9.json,0.28,0.26,0.004127979278564453,0.006700038909912109,0.0010756957530975342,0,0.001878976821899414,0.0003154277801513672
dataset/dreamdata/STN_a2_i8_s1_t2000/original_2.json,0.0,0.0,0.004466056823730469,0.001619100570678711,0.0003902733325958252,0,0.001583099365234375,0.00036057155935009523
dataset/dreamdata/STN_a2_i8_s1_t2000/original_3.json,0.0,0.0,0.0009081363677978516,0.0019211769104003906,0.00037895679473876954,0,0.0019078254699707031,0.0003453774667864469
dataset/dreamdata/STN_a2_i8_s1_t2000/original_0.json,0.0,0.0,0.0008378028869628906,0.001138925552368164,0.0003405952453613281,0,0.0011179447174072266,0.0003408067789509069
dataset/dreamdata/STN_a2_i8_s1_t2000/original_1.json,0.975,1.0,0.0014271736145019531,0.03261971473693848,0.0020050835609436036,0,0.03175997734069824,0.001759966414178436
dataset/dreamdata/STN_a2_i8_s1_t2000/original_6.json,0.0,0.0,0.0037941932678222656,0.0010900497436523438,0.0003480994701385498,0,0.0010368824005126953,0.000368619084957257
dataset/dreamdata/STN_a2_i8_s1_t2000/original_7.json,0.0,0.0,0.0027990341186523438,0.0016341209411621094,0.00038911104202270507,0,0.0009648799896240234,0.000348349911483688
dataset/dreamdata/STN_a3_i4_s5_t5000/original_8.json,0.025,0.005,0.0036399364471435547,0.0028638839721679688,0.0003584468364715576,0,0.0015790462493896484,0.0003427764279159469
dataset/dreamdata/STN_a3_i4_s5_t5000/original_4.json,0.215,0.225,0.0010461807250976562,0.03199291229248047,0.002114650011062622,0,0.029974937438964844,0.0016709667953414534
dataset/dreamdata/STN_a3_i4_s5_t5000/original_5.json,0.035,0.04,0.0018019676208496094,0.001024007797241211,0.00036314487457275393,0,0.0010089874267578125,0.00036567539425950556
dataset/dreamdata/STN_a3_i4_s5_t5000/original_9.json,0.955,1.0,0.0008089542388916016,0.0331110954284668,0.0017788541316986085,0,0.02855515480041504,0.0016017199760705383
dataset/dreamdata/STN_a3_i4_s5_t5000/original_2.json,0.015,0.01,0.0036041736602783203,0.0597379207611084,0.0018790268898010254,0,0.005600929260253906,0.0008689650339097833
dataset/dreamdata/STN_a3_i4_s5_t5000/original_3.json,0.12,0.0,0.0015621185302734375,0.03396105766296387,0.0018740677833557129,0,0.0063588619232177734,0.0004291486500495642
dataset/dreamdata/STN_a3_i4_s5_t5000/original_0.json,0.975,1.0,0.0006039142608642578,0.006339073181152344,0.0008075761795043945,0,0.028441905975341797,0.0017524280739789034
dataset/dreamdata/STN_a3_i4_s5_t5000/original_1.json,0.95,1.0,0.0008268356323242188,0.034770965576171875,0.0020347142219543455,0,0.021065950393676758,0.001734809060791629
dataset/dreamdata/STN_a3_i4_s5_t5000/original_6.json,0.035,0.0,0.002522706985473633,0.0030248165130615234,0.00029096007347106934,0,0.004991054534912109,0.00034535230703689346
dataset/dreamdata/STN_a3_i4_s5_t5000/original_7.json,0.0,0.0,0.0010981559753417969,0.004702091217041016,0.0005879843235015869,0,0.004722118377685547,0.0005536894103390488
dataset/dreamdata/STN_a3_i8_s1_t4000/original_8.json,0.0,0.0,0.0023469924926757812,0.0025691986083984375,0.0004039585590362549,0,0.0029850006103515625,0.0004091478472378985
dataset/dreamdata/STN_a3_i8_s1_t4000/original_4.json,0.0,0.0,0.008085012435913086,0.0016589164733886719,0.00040381908416748047,0,0.0016260147094726562,0.00038361908802435026
dataset/dreamdata/STN_a3_i8_s1_t4000/original_5.json,1.0,1.0,0.0013659000396728516,0.03275275230407715,0.0018338942527770996,0,0.028766870498657227,0.0016323274104439434
dataset/dreamdata/STN_a3_i8_s1_t4000/original_9.json,0.0,0.0,0.005672931671142578,0.002878904342651367,0.00041199326515197756,0,0.002042055130004883,0.00037958034917936855
dataset/dreamdata/STN_a3_i8_s1_t4000/original_2.json,0.15,0.0,0.004952907562255859,0.04780697822570801,0.00181304931640625,0,0.0011508464813232422,0.00037037787125937305
dataset/dreamdata/STN_a3_i8_s1_t4000/original_3.json,0.03,0.0,0.007850885391235352,0.005465269088745117,0.0011692547798156738,0,0.002070903778076172,0.00033255797534731765
dataset/dreamdata/STN_a3_i8_s1_t4000/original_0.json,0.795,0.0,0.002772092819213867,0.03506588935852051,0.0016499495506286622,0,0.0028333663940429688,0.0003310208344579342
dataset/dreamdata/STN_a3_i8_s1_t4000/original_1.json,0.0,0.0,0.016111135482788086,0.0027191638946533203,0.0003556680679321289,0,0.0014870166778564453,0.00032139543312877865
dataset/dreamdata/STN_a3_i8_s1_t4000/original_6.json,0.0,0.0,0.0007991790771484375,0.0018069744110107422,0.0003524768352508545,0,0.0017731189727783203,0.00035007035911981783
dataset/dreamdata/STN_a3_i8_s1_t4000/original_7.json,0.0,0.0,0.000705718994140625,0.0007140636444091797,0.00039973020553588865,0,0.0007090568542480469,0.00039909353208302255
dataset/dreamdata/STN_a2_i4_s3_t6000/original_8.json,0.485,0.71,0.003595113754272461,0.0012898445129394531,0.00031912684440612795,0,0.03174471855163574,0.0020790375656818028
dataset/dreamdata/STN_a2_i4_s3_t6000/original_4.json,0.055,0.09,0.0029120445251464844,0.001940011978149414,0.0003040444850921631,0,0.0015480518341064453,0.0002855727420979409
dataset/dreamdata/STN_a2_i4_s3_t6000/original_5.json,0.775,0.0,0.002190828323364258,0.005299091339111328,0.0010286557674407959,0,0.005319833755493164,0.00047889306916663394
dataset/dreamdata/STN_a2_i4_s3_t6000/original_9.json,0.005,0.0,0.011633872985839844,0.002162933349609375,0.00034348249435424806,0,0.0012531280517578125,0.00030826683619513583
dataset/dreamdata/STN_a2_i4_s3_t6000/original_2.json,0.115,0.0,0.0029349327087402344,0.006886959075927734,0.001076526641845703,0,0.005338907241821289,0.0005965987641607697
dataset/dreamdata/STN_a2_i4_s3_t6000/original_3.json,0.085,0.0,0.006044149398803711,0.005559206008911133,0.0010688281059265136,0,0.004899263381958008,0.0003390911236480253
dataset/dreamdata/STN_a2_i4_s3_t6000/original_0.json,0.945,1.0,0.0012469291687011719,0.03208184242248535,0.0019292843341827393,0,0.028442859649658203,0.0017689340677692663
dataset/dreamdata/STN_a2_i4_s3_t6000/original_1.json,0.34,0.0,0.0020973682403564453,0.002100229263305664,0.0003092038631439209,0,0.004940032958984375,0.0002724345604978015
dataset/dreamdata/STN_a2_i4_s3_t6000/original_6.json,0.13,0.055,0.004651069641113281,0.0036401748657226562,0.00035231590270996094,0,0.0011529922485351562,0.000326235689709534
dataset/dreamdata/STN_a2_i4_s3_t6000/original_7.json,0.43,0.395,0.0030319690704345703,0.007096052169799805,0.0009278619289398194,0,0.0028579235076904297,0.000304419790680085
dataset/dreamdata/STN_a3_i8_s5_t5000/original_8.json,0.0,0.0,0.006089925765991211,0.0066759586334228516,0.001115342378616333,0,0.0008451938629150391,0.0003442404857232942
dataset/dreamdata/STN_a3_i8_s5_t5000/original_4.json,0.015,0.01,0.0019199848175048828,0.0017511844635009766,0.0003845381736755371,0,0.0017459392547607422,0.00038345854486053314
dataset/dreamdata/STN_a3_i8_s5_t5000/original_5.json,0.97,0.3,0.0005898475646972656,0.022008180618286133,0.0017711079120635985,0,0.002538919448852539,0.00039457795607983765
dataset/dreamdata/STN_a3_i8_s5_t5000/original_9.json,0.09,0.0,0.0021140575408935547,0.0362851619720459,0.0018735754489898682,0,0.0016372203826904297,0.0003836394554406554
dataset/dreamdata/STN_a3_i8_s5_t5000/original_2.json,0.685,0.005,0.0018720626831054688,0.03545188903808594,0.0018139922618865968,0,0.0007810592651367188,0.0003952536750678441
dataset/dreamdata/STN_a3_i8_s5_t5000/original_3.json,0.0,0.0,0.0017242431640625,0.0007309913635253906,0.0002610743045806885,0,0.0006852149963378906,0.0002600523694675771
dataset/dreamdata/STN_a3_i8_s5_t5000/original_0.json,0.0,0.02,0.0030150413513183594,0.0031616687774658203,0.0004048514366149902,0,0.0021979808807373047,0.0003778587034599266
dataset/dreamdata/STN_a3_i8_s5_t5000/original_1.json,0.64,0.055,0.002374887466430664,0.03279709815979004,0.0019342267513275146,0,0.003306865692138672,0.0003972892186150479
dataset/dreamdata/STN_a3_i8_s5_t5000/original_6.json,0.0,0.0,0.008706092834472656,0.0018630027770996094,0.0003448796272277832,0,0.0018129348754882812,0.00034249008600436263
dataset/dreamdata/STN_a3_i8_s5_t5000/original_7.json,0.035,0.045,0.0018010139465332031,0.0010159015655517578,0.00032252907752990725,0,0.0009737014770507812,0.000321243276548146
dataset/dreamdata/STN_a2_i4_s1_t2000/original_8.json,0.93,0.985,0.0026760101318359375,0.07004165649414062,0.001891835927963257,0,0.030241966247558594,0.0017376137738251806
dataset/dreamdata/STN_a2_i4_s1_t2000/original_4.json,0.0,0.0,0.0015780925750732422,0.0011031627655029297,0.0003321397304534912,0,0.0010790824890136719,0.00033310070708768454
dataset/dreamdata/STN_a2_i4_s1_t2000/original_5.json,0.945,1.0,0.0029959678649902344,0.04508805274963379,0.0019347643852233886,0,0.03014397621154785,0.0017562966849935713
dataset/dreamdata/STN_a2_i4_s1_t2000/original_9.json,0.0,0.065,0.0046939849853515625,0.012476205825805664,0.0014401507377624512,0,0.0022139549255371094,0.0003137157190984218
dataset/dreamdata/STN_a2_i4_s1_t2000/original_2.json,0.97,1.0,0.0014240741729736328,0.032308101654052734,0.0017877578735351562,0,0.0284879207611084,0.0016285103170116941
dataset/dreamdata/STN_a2_i4_s1_t2000/original_3.json,0.96,1.0,0.00115203857421875,0.03297781944274902,0.0018200230598449706,0,0.028011083602905273,0.0015897391429498568
dataset/dreamdata/STN_a2_i4_s1_t2000/original_0.json,0.0,0.0,0.002824068069458008,0.0028128623962402344,0.0003328406810760498,0,0.0026938915252685547,0.00030530157999776716
dataset/dreamdata/STN_a2_i4_s1_t2000/original_1.json,1.0,1.0,0.0006690025329589844,0.027154922485351562,0.0017527949810028076,0,0.024919986724853516,0.001527673635051478
dataset/dreamdata/STN_a2_i4_s1_t2000/original_6.json,0.46,0.105,0.006241798400878906,0.00529026985168457,0.0010716724395751953,0,0.00531315803527832,0.0009727897356502974
dataset/dreamdata/STN_a2_i4_s1_t2000/original_7.json,0.0,0.1,0.0040781497955322266,0.002783060073852539,0.00032697081565856933,0,0.0053539276123046875,0.0008658931482976405
dataset/dreamdata/STN_a2_i8_s3_t12000/original_8.json,0.345,0.0,0.0026121139526367188,0.002561807632446289,0.0003782057762145996,0,0.013178110122680664,0.0006928995027014957
dataset/dreamdata/STN_a2_i8_s3_t12000/original_4.json,0.6,0.0,0.002039194107055664,0.0049059391021728516,0.0008674013614654541,0,0.0053288936614990234,8.880433125711566e-05
dataset/dreamdata/STN_a2_i8_s3_t12000/original_5.json,0.005,0.0,0.004349231719970703,0.006639003753662109,0.001101665496826172,0,0.0030159950256347656,0.0003397153250536128
dataset/dreamdata/STN_a2_i8_s3_t12000/original_9.json,0.895,1.0,0.0026721954345703125,0.0014591217041015625,0.0003588700294494629,0,0.03112006187438965,0.0018968234709159813
dataset/dreamdata/STN_a2_i8_s3_t12000/original_2.json,0.37,0.2,0.004469156265258789,0.0063610076904296875,0.0010894298553466796,0,0.003001689910888672,0.00035997611194399734
dataset/dreamdata/STN_a2_i8_s3_t12000/original_3.json,0.995,1.0,0.0006802082061767578,0.031762123107910156,0.0017849016189575195,0,0.027865886688232422,0.001635926452713396
dataset/dreamdata/STN_a2_i8_s3_t12000/original_0.json,0.66,0.54,0.005419015884399414,0.003922939300537109,0.00040714859962463377,0,0.0006740093231201172,0.00037837507736742797
dataset/dreamdata/STN_a2_i8_s3_t12000/original_1.json,0.975,1.0,0.002798795700073242,0.03544187545776367,0.0020304274559020995,0,0.030331134796142578,0.001897204461409219
dataset/dreamdata/STN_a2_i8_s3_t12000/original_6.json,0.715,0.0,0.0018351078033447266,0.00562596321105957,0.0010153722763061523,0,0.00696110725402832,0.0006514278488542566
dataset/dreamdata/STN_a2_i8_s3_t12000/original_7.json,0.17,0.135,0.0044231414794921875,0.0036590099334716797,0.0003635537624359131,0,0.0026590824127197266,0.000331825946443644
dataset/dreamdata/STN_a4_i8_s3_t3000/original_8.json,0.78,0.95,0.0016298294067382812,0.007048130035400391,0.0010351121425628662,0,0.012610197067260742,0.001644465192478506
dataset/dreamdata/STN_a4_i8_s3_t3000/original_4.json,0.015,0.005,0.007927179336547852,0.0032727718353271484,0.00037924766540527345,0,0.0015759468078613281,0.0003451354539574091
dataset/dreamdata/STN_a4_i8_s3_t3000/original_5.json,0.705,0.005,0.0015842914581298828,0.03397202491760254,0.0019156312942504882,0,0.0006761550903320312,0.0003868263570507567
dataset/dreamdata/STN_a4_i8_s3_t3000/original_9.json,0.0,0.0,0.004954338073730469,0.0016167163848876953,0.0003498518466949463,0,0.0015718936920166016,0.00034251884000385227
dataset/dreamdata/STN_a4_i8_s3_t3000/original_2.json,0.0,0.005,0.002641916275024414,0.003573179244995117,0.00043650627136230467,0,0.0009679794311523438,0.0004158810754517215
dataset/dreamdata/STN_a4_i8_s3_t3000/original_3.json,0.0,0.0,0.009247303009033203,0.0019290447235107422,0.0003514289855957031,0,0.0007069110870361328,0.0003210731487178323
dataset/dreamdata/STN_a4_i8_s3_t3000/original_0.json,0.0,0.0,0.0020101070404052734,0.00140380859375,0.0003060925006866455,0,0.0013530254364013672,0.00031294295536213784
dataset/dreamdata/STN_a4_i8_s3_t3000/original_1.json,0.0,0.0,0.003470897674560547,0.0011539459228515625,0.0003358495235443115,0,0.0010979175567626953,0.0003348798608061057
dataset/dreamdata/STN_a4_i8_s3_t3000/original_6.json,0.17,0.0,0.005848884582519531,4.208032846450806,0.0019738829135894777,0,0.0014560222625732422,0.0003817069470582895
dataset/dreamdata/STN_a4_i8_s3_t3000/original_7.json,0.0,0.0,0.0019588470458984375,0.0018279552459716797,0.00036215782165527344,0,0.0018579959869384766,0.0003577596578166712
dataset/dreamdata/STN_a2_i4_s3_t3000/original_8.json,1.0,1.0,0.0010211467742919922,0.005511283874511719,0.0006412971019744873,0,0.018572092056274414,0.000972237419243434
dataset/dreamdata/STN_a2_i4_s3_t3000/original_4.json,0.72,0.76,0.0015790462493896484,0.004763126373291016,0.0008067357540130616,0,0.02875518798828125,0.0018623833680272701
dataset/dreamdata/STN_a2_i4_s3_t3000/original_5.json,0.995,0.995,0.002218008041381836,0.005928993225097656,0.0008891189098358155,0,0.029659271240234375,0.0017728434136165447
dataset/dreamdata/STN_a2_i4_s3_t3000/original_9.json,0.13,0.15,0.001093149185180664,0.001589059829711914,0.0003307318687438965,0,0.0015888214111328125,0.00032852163266896005
dataset/dreamdata/STN_a2_i4_s3_t3000/original_2.json,0.975,1.0,0.0027098655700683594,0.005091190338134766,0.0008952426910400391,0,0.029669761657714844,0.00192717810971054
dataset/dreamdata/STN_a2_i4_s3_t3000/original_3.json,0.97,1.0,0.0028450489044189453,0.026438236236572266,0.0021004867553710937,0,0.030115127563476562,0.0019064943994109955
dataset/dreamdata/STN_a2_i4_s3_t3000/original_0.json,0.855,0.825,0.0019028186798095703,0.03336620330810547,0.0018862712383270264,0,0.028729915618896484,0.0016862387633203861
dataset/dreamdata/STN_a2_i4_s3_t3000/original_1.json,0.23,0.08,0.002410888671875,0.0061740875244140625,0.0009441423416137695,0,0.0070989131927490234,0.0008496111960866344
dataset/dreamdata/STN_a2_i4_s3_t3000/original_6.json,0.985,1.0,0.001081228256225586,0.03168773651123047,0.001832294464111328,0,0.027616024017333984,0.0016396560860638643
dataset/dreamdata/STN_a2_i4_s3_t3000/original_7.json,0.99,0.795,0.0018470287322998047,0.031922101974487305,0.0018810224533081055,0,0.02768111228942871,0.0017058418024724453
dataset/dreamdata/STN_a3_i8_s1_t1000/original_8.json,0.0,0.0,0.006618976593017578,0.0025599002838134766,0.0003747200965881348,0,0.002996206283569336,0.0003637045472111534
dataset/dreamdata/STN_a3_i8_s1_t1000/original_4.json,0.0,0.0,0.0014760494232177734,0.0014319419860839844,0.0003500783443450928,0,0.001377105712890625,0.00035140861817939796
dataset/dreamdata/STN_a3_i8_s1_t1000/original_5.json,0.01,0.0,0.00345611572265625,0.0029430389404296875,0.0004021346569061279,0,0.002721071243286133,0.0003855396155735955
dataset/dreamdata/STN_a3_i8_s1_t1000/original_9.json,0.0,0.0,0.0019378662109375,0.0008130073547363281,0.0003381001949310303,0,0.0007910728454589844,0.00033875805648727036
dataset/dreamdata/STN_a3_i8_s1_t1000/original_2.json,0.215,0.195,0.004648923873901367,0.004956960678100586,0.001009674072265625,0,0.0028450489044189453,0.000380239295001006
dataset/dreamdata/STN_a3_i8_s1_t1000/original_3.json,0.0,0.0,0.0023431777954101562,0.0031058788299560547,0.0003271901607513428,0,0.0030269622802734375,0.00032815981150871544
dataset/dreamdata/STN_a3_i8_s1_t1000/original_0.json,0.0,0.0,0.0015017986297607422,0.0009541511535644531,0.0003945648670196533,0,0.0009348392486572266,0.00039332236476879025
dataset/dreamdata/STN_a3_i8_s1_t1000/original_1.json,0.0,0.0,0.0011861324310302734,0.0015990734100341797,0.0003670823574066162,0,0.0015790462493896484,0.00036366980279510346
dataset/dreamdata/STN_a3_i8_s1_t1000/original_6.json,0.0,0.0,0.0022470951080322266,0.002891063690185547,0.00036252498626708984,0,0.002832174301147461,0.000356771239084215
dataset/dreamdata/STN_a3_i8_s1_t1000/original_7.json,0.965,1.0,0.0024590492248535156,0.013969182968139648,0.0019002985954284669,0,0.020449161529541016,0.00170198637037421
dataset/dreamdata/STN_a4_i8_s1_t2000/original_8.json,0.0,0.0,0.0018677711486816406,0.0013492107391357422,0.00042517781257629396,0,0.00133514404296875,0.000422395054419436
dataset/dreamdata/STN_a4_i8_s1_t2000/original_4.json,0.0,0.0,0.002407073974609375,0.002549886703491211,0.00036283016204833983,0,0.002544879913330078,0.00036301924355665045
dataset/dreamdata/STN_a4_i8_s1_t2000/original_5.json,0.0,0.0,0.0013229846954345703,0.001672983169555664,0.00037036776542663573,0,0.0016589164733886719,0.000367125075067108
dataset/dreamdata/STN_a4_i8_s1_t2000/original_9.json,0.0,0.0,0.0014410018920898438,0.002869129180908203,0.0004269742965698242,0,0.002851724624633789,0.00042241062950249295
dataset/dreamdata/STN_a4_i8_s1_t2000/original_2.json,0.79,0.0,0.0023789405822753906,0.005476951599121094,0.001284409761428833,0,0.0056302547454833984,0.0003340040619049839
dataset/dreamdata/STN_a4_i8_s1_t2000/original_3.json,0.0,0.0,0.0009627342224121094,0.001065969467163086,0.0003829753398895264,0,0.0010461807250976562,0.0003748311469303304
dataset/dreamdata/STN_a4_i8_s1_t2000/original_0.json,0.0,0.0,0.0007162094116210938,0.0020859241485595703,0.0003889667987823486,0,0.0020699501037597656,0.00039107715664197455
dataset/dreamdata/STN_a4_i8_s1_t2000/original_1.json,0.0,0.0,0.005510807037353516,0.003110170364379883,0.00039462566375732423,0,0.0006678104400634766,0.00036542140059734707
dataset/dreamdata/STN_a4_i8_s1_t2000/original_6.json,0.295,0.0,0.002074003219604492,0.03385114669799805,0.0017744064331054687,0,0.011472225189208984,0.00048029123239181747
dataset/dreamdata/STN_a4_i8_s1_t2000/original_7.json,0.22,0.0,0.0058078765869140625,0.005443096160888672,0.001201016902923584,0,0.006136178970336914,0.0002987025371148958
dataset/dreamdata/STN_a4_i8_s3_t6000/original_8.json,0.0,0.025,0.007211923599243164,0.026708126068115234,0.0007377946376800537,0,0.0010502338409423828,0.00034362467090089116
dataset/dreamdata/STN_a4_i8_s3_t6000/original_4.json,0.0,0.005,0.003819704055786133,0.002251148223876953,0.00040310263633728025,0,0.0009679794311523438,0.00038438106901082564
dataset/dreamdata/STN_a4_i8_s3_t6000/original_5.json,0.025,0.0,0.014418840408325195,0.03679609298706055,0.001790677309036255,0,0.0010590553283691406,0.00039085431314592986
dataset/dreamdata/STN_a4_i8_s3_t6000/original_9.json,0.645,0.0,0.003003835678100586,0.005876064300537109,0.0012975716590881347,0,0.0054280757904052734,0.00022936825776219966
dataset/dreamdata/STN_a4_i8_s3_t6000/original_2.json,0.0,0.0,0.0031270980834960938,0.0020210742950439453,0.0003311479091644287,0,0.001968860626220703,0.00033146771953333564
dataset/dreamdata/STN_a4_i8_s3_t6000/original_3.json,0.09,0.0,0.005545854568481445,0.026082992553710938,0.0017334091663360595,0,0.0011031627655029297,0.0003983135798468662
dataset/dreamdata/STN_a4_i8_s3_t6000/original_0.json,0.005,0.0,0.0030291080474853516,0.003367900848388672,0.00039072155952453615,0,0.003312826156616211,0.00038760271503697686
dataset/dreamdata/STN_a4_i8_s3_t6000/original_1.json,0.0,0.0,0.007693767547607422,0.001486063003540039,0.0003494250774383545,0,0.001432180404663086,0.00034824088590228977
dataset/dreamdata/STN_a4_i8_s3_t6000/original_6.json,1.0,1.0,0.0004458427429199219,0.02066493034362793,0.001488722562789917,0,0.020255088806152344,0.001452696383298941
dataset/dreamdata/STN_a4_i8_s3_t6000/original_7.json,0.06,0.03,0.0008568763732910156,0.03258919715881348,0.0019337797164916991,0,0.001870870590209961,0.00038078681907462115
dataset/dreamdata/STN_a4_i8_s3_t12000/original_8.json,0.37,0.0,0.0027761459350585938,0.06651687622070312,0.0016847014427185058,0,0.005419015884399414,0.0005714222414409695
dataset/dreamdata/STN_a4_i8_s3_t12000/original_4.json,0.005,0.0,0.006062746047973633,0.0012521743774414062,0.00037029385566711426,0,0.0014729499816894531,0.00034355877631872745
dataset/dreamdata/STN_a4_i8_s3_t12000/original_5.json,0.0,0.0,0.0028297901153564453,0.002759218215942383,0.0003639078140258789,0,0.002741098403930664,0.0003609705210930139
dataset/dreamdata/STN_a4_i8_s3_t12000/original_9.json,0.0,0.0,0.0037271976470947266,0.0023088455200195312,0.00031474828720092776,0,0.002256155014038086,0.0003138858469287355
dataset/dreamdata/STN_a4_i8_s3_t12000/original_2.json,0.0,0.0,0.006880044937133789,0.007138729095458984,0.0013632404804229737,0,0.002074003219604492,0.00036286588889270573
dataset/dreamdata/STN_a4_i8_s3_t12000/original_3.json,0.975,1.0,0.0017852783203125,0.006690025329589844,0.0012921297550201416,0,0.02143716812133789,0.0016184967366894285
dataset/dreamdata/STN_a4_i8_s3_t12000/original_0.json,0.11,0.0,0.002701997756958008,0.0034339427947998047,0.0003813457489013672,0,0.0065631866455078125,0.0001186054555614989
dataset/dreamdata/STN_a4_i8_s3_t12000/original_1.json,0.36,0.005,0.0034050941467285156,0.006052970886230469,0.0011566054821014404,0,0.0027070045471191406,0.00036554001084524183
dataset/dreamdata/STN_a4_i8_s3_t12000/original_6.json,0.37,0.0,0.002577066421508789,0.035661935806274414,0.0019709062576293945,0,0.005400896072387695,0.0007838531954204617
dataset/dreamdata/STN_a4_i8_s3_t12000/original_7.json,0.275,0.0,0.0034012794494628906,0.006705045700073242,0.0011357414722442628,0,0.006060123443603516,5.4427726783944136e-05
dataset/dreamdata/STN_a3_i8_s3_t12000/original_8.json,0.0,0.0,0.01123809814453125,0.0028200149536132812,0.0003635883331298828,0,0.0019469261169433594,0.00033757914250819525
dataset/dreamdata/STN_a3_i8_s3_t12000/original_4.json,0.25,0.185,0.00580596923828125,0.014210939407348633,0.0018953943252563476,0,0.005686044692993164,0.0010904019801460919
dataset/dreamdata/STN_a3_i8_s3_t12000/original_5.json,0.0,0.0,0.008544921875,0.0028901100158691406,0.0003929269313812256,0,0.0024111270904541016,0.0003536729956392068
dataset/dreamdata/STN_a3_i8_s3_t12000/original_9.json,0.44,0.0,0.003779888153076172,0.03524017333984375,0.0018222880363464354,0,0.00533294677734375,5.840296721338627e-05
dataset/dreamdata/STN_a3_i8_s3_t12000/original_2.json,0.975,1.0,0.0011303424835205078,0.03291511535644531,0.001666337251663208,0,0.01996302604675293,0.0015758761209459162
dataset/dreamdata/STN_a3_i8_s3_t12000/original_3.json,0.375,0.0,0.0022439956665039062,0.006337165832519531,0.0011850011348724365,0,0.0014421939849853516,0.0003794689274313462
dataset/dreamdata/STN_a3_i8_s3_t12000/original_0.json,0.385,0.085,0.004848003387451172,0.006100893020629883,0.0013848710060119628,0,0.0052912235260009766,0.0013567131368359129
dataset/dreamdata/STN_a3_i8_s3_t12000/original_1.json,0.06,0.0,0.004103183746337891,0.003922939300537109,0.00038945436477661133,0,0.005766153335571289,0.0003369920816852819
dataset/dreamdata/STN_a3_i8_s3_t12000/original_6.json,0.075,0.04,0.0026450157165527344,0.00879216194152832,0.0013480806350708008,0,0.006409883499145508,0.0012529171890948885
dataset/dreamdata/STN_a3_i8_s3_t12000/original_7.json,0.0,0.0,0.010731935501098633,0.0039310455322265625,0.0003347194194793701,0,0.003465890884399414,0.00030954878533904877
