dataset/dreamdata/STN_a3_i8_s1_t2000/original_8.json,0.04,0.0,0.01576519012451172,0.00021505355834960938,0.0019412057399749755,0.0003491025548558813
dataset/dreamdata/STN_a3_i8_s1_t2000/original_4.json,0.0,0.0,0.0025720596313476562,0.0002288818359375,0.0003336191177368164,0.0003309082817864251
dataset/dreamdata/STN_a3_i8_s1_t2000/original_5.json,0.0,0.0,0.004867076873779297,0.00023603439331054688,0.00033786940574645995,0.00033000496414688614
dataset/dreamdata/STN_a3_i8_s1_t2000/original_9.json,0.0,0.0,0.002135038375854492,0.00019788742065429688,0.0003594362735748291,0.0003597748291504395
dataset/dreamdata/STN_a3_i8_s1_t2000/original_2.json,0.44,0.0,0.004405975341796875,0.0002758502960205078,0.0012939867973327636,0.0005810501816513779
dataset/dreamdata/STN_a3_i8_s1_t2000/original_3.json,0.336,0.0,0.003827810287475586,0.00017881393432617188,0.0018139355182647705,0.000223446178722668
dataset/dreamdata/STN_a3_i8_s1_t2000/original_0.json,0.0,0.0,0.0014750957489013672,0.00025916099548339844,0.00034337496757507325,0.00033936724887118563
dataset/dreamdata/STN_a3_i8_s1_t2000/original_1.json,1.0,1.0,0.0013089179992675781,0.0001690387725830078,0.0017848610877990723,0.0015682782735433186
dataset/dreamdata/STN_a3_i8_s1_t2000/original_6.json,0.947,1.0,0.0017812252044677734,0.0001819133758544922,0.0018523240089416504,0.001675544916330515
dataset/dreamdata/STN_a3_i8_s1_t2000/original_7.json,0.011,0.0,0.006536006927490234,0.00020194053649902344,0.0011879148483276366,0.00037243511822369245
dataset/dreamdata/STN_a2_i4_s5_t5000/original_8.json,0.012,0.029,0.0010828971862792969,0.0002181529998779297,0.00035297417640686035,0.00034647279076867397
dataset/dreamdata/STN_a2_i4_s5_t5000/original_4.json,0.003,1.0,0.0014657974243164062,0.0001780986785888672,0.0003567607402801514,0.0018765773620452728
dataset/dreamdata/STN_a2_i4_s5_t5000/original_5.json,0.968,1.0,0.0011210441589355469,0.00015997886657714844,0.0019543435573577883,0.0017688529746787804
dataset/dreamdata/STN_a2_i4_s5_t5000/original_9.json,0.922,0.954,0.0012428760528564453,0.0001621246337890625,0.0008742542266845703,0.001865616551151982
dataset/dreamdata/STN_a2_i4_s5_t5000/original_2.json,1.0,1.0,0.0013401508331298828,0.0001728534698486328,0.00027621841430664065,0.0016424658300879004
dataset/dreamdata/STN_a2_i4_s5_t5000/original_3.json,0.957,1.0,0.0006868839263916016,0.0001583099365234375,0.001812899112701416,0.0016049319678718024
dataset/dreamdata/STN_a2_i4_s5_t5000/original_0.json,0.009,0.02,0.002386808395385742,0.0002391338348388672,0.00031050777435302735,0.00030819980709163755
dataset/dreamdata/STN_a2_i4_s5_t5000/original_1.json,1.0,1.0,0.0008192062377929688,0.00016069412231445312,0.0018225922584533692,0.0016397484787949571
dataset/dreamdata/STN_a2_i4_s5_t5000/original_6.json,0.155,0.039,0.002215862274169922,0.00017309188842773438,0.0008623454570770263,0.00028379734333332354
dataset/dreamdata/STN_a2_i4_s5_t5000/original_7.json,0.304,0.289,0.0012867450714111328,0.00021886825561523438,0.0008473622798919677,0.000850014977746301
dataset/dreamdata/STN_a2_i4_s5_t10000/original_8.json,0.611,0.585,0.0007641315460205078,0.0001709461212158203,0.0003815991878509521,0.0003626878793771799
dataset/dreamdata/STN_a2_i4_s5_t10000/original_4.json,0.942,0.064,0.0009620189666748047,0.0001609325408935547,0.0019053077697753905,0.00033856321264196323
dataset/dreamdata/STN_a2_i4_s5_t10000/original_5.json,0.344,0.024,0.0050449371337890625,0.0001850128173828125,0.0010181598663330078,0.00032131402222840516
dataset/dreamdata/STN_a2_i4_s5_t10000/original_9.json,0.002,0.016,0.004561185836791992,0.00018978118896484375,0.0020552871227264404,0.00032151330102074733
dataset/dreamdata/STN_a2_i4_s5_t10000/original_2.json,0.084,0.039,0.004034996032714844,0.00018477439880371094,0.001840359926223755,0.000283820254428012
dataset/dreamdata/STN_a2_i4_s5_t10000/original_3.json,0.677,0.0,0.0026099681854248047,0.00017786026000976562,0.0003464984893798828,5.146810361692259e-05
dataset/dreamdata/STN_a2_i4_s5_t10000/original_0.json,0.114,0.307,0.0029671192169189453,0.0001819133758544922,0.00030073666572570803,0.00026734001762993465
dataset/dreamdata/STN_a2_i4_s5_t10000/original_1.json,0.315,1.0,0.0009479522705078125,0.00017213821411132812,0.0003570842742919922,0.0016955272094146148
dataset/dreamdata/STN_a2_i4_s5_t10000/original_6.json,0.802,0.953,0.002599000930786133,0.00018405914306640625,0.000993760347366333,0.0008950600991616617
dataset/dreamdata/STN_a2_i4_s5_t10000/original_7.json,0.965,1.0,0.0005519390106201172,0.00014281272888183594,0.0008354778289794922,0.0015684021366489781
dataset/dreamdata/STN_a3_i8_s3_t6000/original_8.json,0.0,0.012,0.021680116653442383,0.00021886825561523438,0.0003866887092590332,0.00035066910095520325
dataset/dreamdata/STN_a3_i8_s3_t6000/original_4.json,0.375,0.002,0.003886699676513672,0.00019693374633789062,0.001178321123123169,0.00040395076091105756
dataset/dreamdata/STN_a3_i8_s3_t6000/original_5.json,0.0,0.071,0.002727985382080078,0.0001819133758544922,0.000706512451171875,0.00033944982427495853
dataset/dreamdata/STN_a3_i8_s3_t6000/original_9.json,0.028,0.015,0.005774021148681641,0.00019502639770507812,0.0004040095806121826,0.00037101415303853656
dataset/dreamdata/STN_a3_i8_s3_t6000/original_2.json,0.195,0.124,0.005409955978393555,0.00019216537475585938,0.0009570021629333496,0.00029725212234634537
dataset/dreamdata/STN_a3_i8_s3_t6000/original_3.json,0.455,0.056,0.004250049591064453,0.00019407272338867188,0.0010316383838653565,0.000336391193134052
dataset/dreamdata/STN_a3_i8_s3_t6000/original_0.json,0.969,0.609,0.0011887550354003906,0.00019788742065429688,0.001809450387954712,0.0003863970438639323
dataset/dreamdata/STN_a3_i8_s3_t6000/original_1.json,0.015,0.0,0.0031969547271728516,0.00019788742065429688,0.001762624740600586,0.00033970924469085785
dataset/dreamdata/STN_a3_i8_s3_t6000/original_6.json,0.871,0.896,0.002316713333129883,0.00018286705017089844,0.0012305009365081788,0.0017650015241987593
dataset/dreamdata/STN_a3_i8_s3_t6000/original_7.json,0.529,0.117,0.009927034378051758,0.00018095970153808594,0.001178600311279297,0.0003339065326465381
dataset/dreamdata/STN_a2_i4_s1_t4000/original_8.json,0.014,0.021,0.001641988754272461,0.0002269744873046875,0.0003278069496154785,0.00032538026422113033
dataset/dreamdata/STN_a2_i4_s1_t4000/original_4.json,0.981,0.999,0.003401041030883789,0.0001819133758544922,0.0018816313743591309,0.0017172159017385304
dataset/dreamdata/STN_a2_i4_s1_t4000/original_5.json,0.0,0.0,0.003979921340942383,0.00018215179443359375,0.00033429455757141114,0.0003096064528426131
dataset/dreamdata/STN_a2_i4_s1_t4000/original_9.json,0.943,0.64,0.002672910690307617,0.00017213821411132812,0.001908585548400879,0.0017225241159891582
dataset/dreamdata/STN_a2_i4_s1_t4000/original_2.json,0.292,0.0,0.0033080577850341797,0.00017833709716796875,0.0009799911975860596,0.00037966094336829503
dataset/dreamdata/STN_a2_i4_s1_t4000/original_3.json,0.894,0.075,0.0032057762145996094,0.00018095970153808594,0.0008969380855560303,0.0008089062687870977
dataset/dreamdata/STN_a2_i4_s1_t4000/original_0.json,1.0,1.0,0.0008919239044189453,0.00013899803161621094,0.0017696924209594726,0.0015785939939267882
dataset/dreamdata/STN_a2_i4_s1_t4000/original_1.json,0.042,0.05,0.0032732486724853516,0.000179290771484375,0.0008035256862640381,0.00029203244993039916
dataset/dreamdata/STN_a2_i4_s1_t4000/original_6.json,0.0,0.12,0.0037813186645507812,0.00017786026000976562,0.00029624295234680173,0.0007229025538141901
dataset/dreamdata/STN_a2_i4_s1_t4000/original_7.json,0.0,0.001,0.0026450157165527344,0.0001728534698486328,0.0005794527530670166,0.0003136798545524284
dataset/dreamdata/STN_a4_i8_s1_t1000/original_8.json,0.982,1.0,0.0005741119384765625,0.00015473365783691406,0.0015925130844116212,0.0014831478053981715
dataset/dreamdata/STN_a4_i8_s1_t1000/original_4.json,0.0,0.0,0.0007760524749755859,0.00021195411682128906,0.0003860793113708496,0.00038450496929424543
dataset/dreamdata/STN_a4_i8_s1_t1000/original_5.json,0.0,0.0,0.008598804473876953,0.00022125244140625,0.0014391827583312988,0.00039911413335943363
dataset/dreamdata/STN_a4_i8_s1_t1000/original_9.json,0.0,0.0,0.0006611347198486328,0.0002639293670654297,0.0004159507751464844,0.00041555475305627896
dataset/dreamdata/STN_a4_i8_s1_t1000/original_2.json,0.76,0.0,0.003288745880126953,0.00020122528076171875,0.0019169363975524902,0.00039614261210979047
dataset/dreamdata/STN_a4_i8_s1_t1000/original_3.json,0.0,0.0,0.0006799697875976562,0.00021791458129882812,0.0003915250301361084,0.0003898995774644273
dataset/dreamdata/STN_a4_i8_s1_t1000/original_0.json,0.09,0.0,0.0023059844970703125,0.00019216537475585938,0.0016849794387817382,0.0003536819099067329
dataset/dreamdata/STN_a4_i8_s1_t1000/original_1.json,0.0,0.0,0.001917123794555664,0.0002582073211669922,0.00039810609817504883,0.0003965867532266153
dataset/dreamdata/STN_a4_i8_s1_t1000/original_6.json,0.0,0.0,0.0012099742889404297,0.00021004676818847656,0.00034310221672058107,0.0003419330528190544
dataset/dreamdata/STN_a4_i8_s1_t1000/original_7.json,0.0,0.0,0.001184701919555664,0.0002079010009765625,0.00035414505004882814,0.00035374897259014387
dataset/dreamdata/STN_a2_i4_s5_t20000/original_8.json,0.118,0.068,0.0012140274047851562,0.0001850128173828125,0.0018628487586975098,0.0016834081949533763
dataset/dreamdata/STN_a2_i4_s5_t20000/original_4.json,0.99,1.0,0.0008902549743652344,0.0001819133758544922,0.0007840495109558105,0.0017401401225749676
dataset/dreamdata/STN_a2_i4_s5_t20000/original_5.json,0.26,0.0,0.0013229846954345703,0.0001728534698486328,0.0019095401763916016,0.0003357671044610284
dataset/dreamdata/STN_a2_i4_s5_t20000/original_9.json,0.987,1.0,0.0009620189666748047,0.00015687942504882812,0.0019042904376983642,0.0017403052733825134
dataset/dreamdata/STN_a2_i4_s5_t20000/original_2.json,0.504,0.1,0.0031430721282958984,0.0002040863037109375,0.0003093273639678955,0.0009811621409159404
dataset/dreamdata/STN_a2_i4_s5_t20000/original_3.json,0.986,1.0,0.0010528564453125,0.00017833709716796875,0.00032805752754211425,0.0018186531028709374
dataset/dreamdata/STN_a2_i4_s5_t20000/original_0.json,0.463,0.0,0.001196146011352539,0.00017714500427246094,0.0003593778610229492,0.00021279991806687058
dataset/dreamdata/STN_a2_i4_s5_t20000/original_1.json,0.038,0.0,0.001894235610961914,0.00018405914306640625,0.001031677484512329,0.00039109548887571654
dataset/dreamdata/STN_a2_i4_s5_t20000/original_6.json,0.222,0.244,0.002496957778930664,0.00019311904907226562,0.00031355643272399904,0.002017903972316433
dataset/dreamdata/STN_a2_i4_s5_t20000/original_7.json,0.004,0.005,0.003198862075805664,0.0001938343048095703,0.00029244041442871095,0.00026377686509140977
dataset/dreamdata/STN_a3_i4_s5_t10000/original_8.json,0.307,0.0,0.003299713134765625,0.00017833709716796875,0.0018960070610046387,5.555916596222687e-05
dataset/dreamdata/STN_a3_i4_s5_t10000/original_4.json,0.512,0.103,0.001119852066040039,0.00017213821411132812,0.0018598427772521973,0.0003523222796313159
dataset/dreamdata/STN_a3_i4_s5_t10000/original_5.json,0.076,0.06,0.002586841583251953,0.00017523765563964844,0.0009174063205718994,0.00035175045689305026
dataset/dreamdata/STN_a3_i4_s5_t10000/original_9.json,0.135,0.139,0.002688884735107422,0.0001919269561767578,0.00031995558738708496,0.0003142426083157132
dataset/dreamdata/STN_a3_i4_s5_t10000/original_2.json,0.963,1.0,0.0007607936859130859,0.00015115737915039062,0.0015989868640899658,0.001397936432449906
dataset/dreamdata/STN_a3_i4_s5_t10000/original_3.json,0.097,0.017,0.008584022521972656,0.00018405914306640625,0.00034197521209716796,0.00031252976533051606
dataset/dreamdata/STN_a3_i4_s5_t10000/original_0.json,0.078,0.099,0.0013730525970458984,0.00017404556274414062,0.000684502363204956,0.001211934380822473
dataset/dreamdata/STN_a3_i4_s5_t10000/original_1.json,0.067,0.637,0.0015621185302734375,0.00017261505126953125,0.00031472992897033694,0.0020319947728642948
dataset/dreamdata/STN_a3_i4_s5_t10000/original_6.json,0.11,0.096,0.0009860992431640625,0.00018596649169921875,0.0021128530502319337,0.0018197783717402705
dataset/dreamdata/STN_a3_i4_s5_t10000/original_7.json,0.416,0.223,0.003343820571899414,0.00017523765563964844,0.0007392547130584717,0.00031216127855761034
dataset/dreamdata/STN_a4_i4_s5_t10000/original_8.json,0.913,0.576,0.0007889270782470703,0.00015878677368164062,0.0012967686653137208,0.00032764917856699475
dataset/dreamdata/STN_a4_i4_s5_t10000/original_4.json,0.331,0.378,0.0006582736968994141,0.0001499652862548828,0.0019106566905975342,0.001747007723207827
dataset/dreamdata/STN_a4_i4_s5_t10000/original_5.json,0.0,0.03,0.0012311935424804688,0.00014901161193847656,0.0008527781963348389,0.0007630069931228836
dataset/dreamdata/STN_a4_i4_s5_t10000/original_9.json,0.075,0.05,0.0009562969207763672,0.00015687942504882812,0.0019513871669769288,0.0016955410515343224
dataset/dreamdata/STN_a4_i4_s5_t10000/original_2.json,0.071,0.023,0.00415802001953125,0.00017189979553222656,0.0018189797401428223,0.0008592973122964273
dataset/dreamdata/STN_a4_i4_s5_t10000/original_3.json,0.529,0.063,0.0014739036560058594,0.00017309188842773438,0.0009309680461883545,0.000838451557331257
dataset/dreamdata/STN_a4_i4_s5_t10000/original_0.json,0.415,0.11,0.0038411617279052734,0.0001888275146484375,0.0018504104614257813,0.001098633528471709
dataset/dreamdata/STN_a4_i4_s5_t10000/original_1.json,0.116,0.22,0.0017590522766113281,0.00017523765563964844,0.0010458641052246093,0.0007005110159292593
dataset/dreamdata/STN_a4_i4_s5_t10000/original_6.json,0.941,0.893,0.0006411075592041016,0.00016307830810546875,0.0017159249782562256,0.0015325980620818573
dataset/dreamdata/STN_a4_i4_s5_t10000/original_7.json,0.358,0.0,0.0006389617919921875,0.0001590251922607422,0.0017404913902282714,0.0003305085309155591
dataset/dreamdata/STN_a2_i4_s1_t1000/original_8.json,0.185,0.0,0.0033197402954101562,0.00018310546875,0.0018270604610443116,0.0006183079174450329
dataset/dreamdata/STN_a2_i4_s1_t1000/original_4.json,0.173,0.0,0.0018990039825439453,0.0001659393310546875,0.0018809568881988526,0.0017001994021304018
dataset/dreamdata/STN_a2_i4_s1_t1000/original_5.json,0.0,0.0,0.001486063003540039,0.00021982192993164062,0.0003265855312347412,0.0003227185200642537
dataset/dreamdata/STN_a2_i4_s1_t1000/original_9.json,0.0,0.0,0.0014607906341552734,0.0002522468566894531,0.00031325149536132814,0.0003125521991107318
dataset/dreamdata/STN_a2_i4_s1_t1000/original_2.json,0.029,0.005,0.005148887634277344,0.000186920166015625,0.0020010645389556886,0.0003106384067325382
dataset/dreamdata/STN_a2_i4_s1_t1000/original_3.json,0.998,0.985,0.0013201236724853516,0.0001499652862548828,0.0018376011848449706,0.0016278731333720195
dataset/dreamdata/STN_a2_i4_s1_t1000/original_0.json,0.992,1.0,0.0008268356323242188,0.00014901161193847656,0.0017144083976745605,0.00152802753734875
dataset/dreamdata/STN_a2_i4_s1_t1000/original_1.json,0.0,0.0,0.005761623382568359,0.0001971721649169922,0.000291748046875,0.00013460840906824793
dataset/dreamdata/STN_a2_i4_s1_t1000/original_6.json,0.984,0.813,0.0022668838500976562,0.00017714500427246094,0.001792471170425415,0.0016147951941351752
dataset/dreamdata/STN_a2_i4_s1_t1000/original_7.json,0.989,0.84,0.0025038719177246094,0.00016379356384277344,0.0019557929039001466,0.001770838841542348
dataset/dreamdata/STN_a3_i8_s3_t3000/original_8.json,0.584,0.227,0.002166748046875,0.000179290771484375,0.0018134891986846923,0.00036363845114951375
dataset/dreamdata/STN_a3_i8_s3_t3000/original_4.json,0.005,0.0,0.004515171051025391,0.00019502639770507812,0.001179265022277832,0.0003605750468638805
dataset/dreamdata/STN_a3_i8_s3_t3000/original_5.json,0.016,1.0,0.000982046127319336,0.00017189979553222656,0.00033780694007873535,0.001571306356557974
dataset/dreamdata/STN_a3_i8_s3_t3000/original_9.json,0.0,0.0,0.0020570755004882812,0.000270843505859375,0.0003075151443481445,0.0003036751045479073
dataset/dreamdata/STN_a3_i8_s3_t3000/original_2.json,0.816,0.141,0.00290679931640625,0.0001800060272216797,0.0018764848709106445,0.00040461685325767665
dataset/dreamdata/STN_a3_i8_s3_t3000/original_3.json,0.002,0.0,0.007497072219848633,0.00021195411682128906,0.0012693784236907958,0.00037308760710784027
dataset/dreamdata/STN_a3_i8_s3_t3000/original_0.json,0.087,0.011,0.0057468414306640625,0.00017786026000976562,0.0010966267585754395,0.0003344697637242956
dataset/dreamdata/STN_a3_i8_s3_t3000/original_1.json,0.142,0.059,0.0036792755126953125,0.00017261505126953125,0.0009863066673278808,0.00033892573298396054
dataset/dreamdata/STN_a3_i8_s3_t3000/original_6.json,0.0,0.0,0.008036136627197266,0.00019788742065429688,0.0003560535907745361,0.00033314712532051097
dataset/dreamdata/STN_a3_i8_s3_t3000/original_7.json,0.006,0.0,0.00507807731628418,0.00018596649169921875,0.0019335660934448242,0.0003321273429496391
dataset/dreamdata/STN_a4_i8_s1_t4000/original_8.json,0.239,0.0,0.0038671493530273438,0.0002028942108154297,0.00180411696434021,0.0003442747576220019
dataset/dreamdata/STN_a4_i8_s1_t4000/original_4.json,0.95,0.0,0.0018169879913330078,0.0001819133758544922,0.001760974407196045,0.00035662025780052516
dataset/dreamdata/STN_a4_i8_s1_t4000/original_5.json,0.157,0.0,0.003381013870239258,0.0001919269561767578,0.0011629297733306884,0.00034233805414911984
dataset/dreamdata/STN_a4_i8_s1_t4000/original_9.json,0.03,0.0,0.01131296157836914,0.00020599365234375,0.0011773884296417236,0.0003133371427610472
dataset/dreamdata/STN_a4_i8_s1_t4000/original_2.json,0.036,0.0,0.002834796905517578,0.00016498565673828125,0.0018236145973205566,0.0003235363984131837
dataset/dreamdata/STN_a4_i8_s1_t4000/original_3.json,0.396,0.315,0.004561185836791992,0.0002002716064453125,0.001309760332107544,0.0003946524363260966
dataset/dreamdata/STN_a4_i8_s1_t4000/original_0.json,0.0,0.0,0.004045009613037109,0.00018978118896484375,0.0003903694152832031,0.00035199460324582396
dataset/dreamdata/STN_a4_i8_s1_t4000/original_1.json,0.0,0.0,0.005556821823120117,0.0002079010009765625,0.0008659687042236328,0.0003915310383320332
dataset/dreamdata/STN_a4_i8_s1_t4000/original_6.json,0.0,0.0,0.006361246109008789,0.0001919269561767578,0.0014047808647155763,0.0002969841102699379
dataset/dreamdata/STN_a4_i8_s1_t4000/original_7.json,0.0,0.0,0.001316070556640625,0.00023102760314941406,0.00035799551010131834,0.0003569343307235458
dataset/dreamdata/STN_a3_i4_s5_t20000/original_8.json,0.0,0.0,0.001294851303100586,0.00020813941955566406,6.130337715148926e-05,6.107572798017745e-05
dataset/dreamdata/STN_a3_i4_s5_t20000/original_4.json,0.278,0.248,0.0007359981536865234,0.00015997886657714844,0.0018040916919708251,0.001682357148484544
dataset/dreamdata/STN_a3_i4_s5_t20000/original_5.json,0.294,0.0,0.0010039806365966797,0.00017595291137695312,0.0007912425994873047,0.00030127707663718403
dataset/dreamdata/STN_a3_i4_s5_t20000/original_9.json,1.0,1.0,0.0007128715515136719,0.0001590251922607422,0.0007163043022155762,0.0010830764178637866
dataset/dreamdata/STN_a3_i4_s5_t20000/original_2.json,0.985,1.0,0.00048804283142089844,0.00014901161193847656,0.0016491696834564208,0.0015428269112312996
dataset/dreamdata/STN_a3_i4_s5_t20000/original_3.json,0.01,0.003,0.0024640560150146484,0.00017690658569335938,0.0010753979682922364,0.0010397429461474414
dataset/dreamdata/STN_a3_i4_s5_t20000/original_0.json,1.0,1.0,0.0006589889526367188,0.00014781951904296875,0.0016987099647521973,0.0015582637385921077
dataset/dreamdata/STN_a3_i4_s5_t20000/original_1.json,0.482,0.0,0.0013201236724853516,0.00018405914306640625,0.0019951581954956053,0.0002377429404654899
dataset/dreamdata/STN_a3_i4_s5_t20000/original_6.json,0.231,0.0,0.0012590885162353516,0.0001609325408935547,0.0018631231784820557,0.0004501631548693469
dataset/dreamdata/STN_a3_i4_s5_t20000/original_7.json,0.002,0.002,0.008878946304321289,0.00020599365234375,0.0011375424861907958,0.0003057652646237546
dataset/dreamdata/STN_a4_i4_s5_t20000/original_8.json,0.306,0.0,0.0013108253479003906,0.00015807151794433594,0.001215641975402832,0.000594187307882834
dataset/dreamdata/STN_a4_i4_s5_t20000/original_4.json,1.0,1.0,0.0004773139953613281,0.00013375282287597656,0.0005812909603118896,0.0008635802550597473
dataset/dreamdata/STN_a4_i4_s5_t20000/original_5.json,1.0,1.0,0.0004189014434814453,0.0001308917999267578,0.0005145497322082519,0.0005188797329281186
dataset/dreamdata/STN_a4_i4_s5_t20000/original_9.json,0.996,0.997,0.0007460117340087891,0.0001659393310546875,0.0017580029964447022,0.0015619433558619654
dataset/dreamdata/STN_a4_i4_s5_t20000/original_2.json,0.073,0.0,0.0013806819915771484,0.00017404556274414062,0.0019994750022888186,0.00046552385057176316
dataset/dreamdata/STN_a4_i4_s5_t20000/original_3.json,0.28,0.0,0.0024199485778808594,0.00019311904907226562,0.000985980987548828,0.00030947113418960953
dataset/dreamdata/STN_a4_i4_s5_t20000/original_0.json,0.404,0.387,0.0012478828430175781,0.0001850128173828125,0.0010195765495300292,0.0009713406796689267
dataset/dreamdata/STN_a4_i4_s5_t20000/original_1.json,0.362,0.0,0.003355264663696289,0.000186920166015625,0.0011036272048950196,0.0004797148871588874
dataset/dreamdata/STN_a4_i4_s5_t20000/original_6.json,0.077,0.0,0.0014147758483886719,0.00018405914306640625,0.002002074241638184,0.0003565811180137657
dataset/dreamdata/STN_a4_i4_s5_t20000/original_7.json,1.0,1.0,0.0004553794860839844,0.0001289844512939453,0.0012381749153137207,0.001057367544393759
dataset/dreamdata/STN_a4_i8_s5_t5000/original_8.json,0.056,0.007,0.006334066390991211,0.00019097328186035156,0.0011874806880950927,0.0003816947803363666
dataset/dreamdata/STN_a4_i8_s5_t5000/original_4.json,0.592,0.027,0.00432896614074707,0.0002002716064453125,0.0019557144641876223,0.00036443198646033727
dataset/dreamdata/STN_a4_i8_s5_t5000/original_5.json,0.009,0.009,0.0010101795196533203,0.00024199485778808594,0.00036833834648132324,0.00037240480875467755
dataset/dreamdata/STN_a4_i8_s5_t5000/original_9.json,0.845,0.834,0.0008990764617919922,0.00016570091247558594,0.0019491560459136963,0.001730129406139538
dataset/dreamdata/STN_a4_i8_s5_t5000/original_2.json,0.16,0.172,0.0017940998077392578,0.0002551078796386719,0.00039722108840942384,0.00039446509039557133
dataset/dreamdata/STN_a4_i8_s5_t5000/original_3.json,0.974,1.0,0.0006289482116699219,0.00016689300537109375,0.0016982169151306152,0.001571222349210783
dataset/dreamdata/STN_a4_i8_s5_t5000/original_0.json,0.728,0.007,0.0016849040985107422,0.00019502639770507812,0.001933511257171631,0.0003872313895621696
dataset/dreamdata/STN_a4_i8_s5_t5000/original_1.json,0.0,0.001,0.006193876266479492,0.00026535987854003906,0.0003858678340911865,0.00037097930908203125
dataset/dreamdata/STN_a4_i8_s5_t5000/original_6.json,0.004,0.002,0.0012340545654296875,0.00022101402282714844,0.0003835875988006592,0.0003838985412567108
dataset/dreamdata/STN_a4_i8_s5_t5000/original_7.json,0.009,0.011,0.002029895782470703,0.00022077560424804688,0.00034767317771911623,0.00034708112806409926
dataset/dreamdata/STN_a4_i4_s1_t4000/original_8.json,0.0,0.0,0.0021572113037109375,0.00017189979553222656,0.0003323886394500732,0.0003152848244668008
dataset/dreamdata/STN_a4_i4_s1_t4000/original_4.json,0.501,0.0,0.002126932144165039,0.00015211105346679688,0.001752711296081543,0.000261698399220143
dataset/dreamdata/STN_a4_i4_s1_t4000/original_5.json,1.0,1.0,0.0008800029754638672,0.00016808509826660156,0.0016992557048797607,0.0015697324120843255
dataset/dreamdata/STN_a4_i4_s1_t4000/original_9.json,0.955,1.0,0.001107931137084961,0.0001709461212158203,0.0017658283710479737,0.001639345864037255
dataset/dreamdata/STN_a4_i4_s1_t4000/original_2.json,0.388,0.0,0.0024940967559814453,0.00015592575073242188,0.001859712839126587,0.00013537664671201964
dataset/dreamdata/STN_a4_i4_s1_t4000/original_3.json,0.61,0.0,0.0030829906463623047,0.0001678466796875,0.0018796532154083253,0.0004811637752406948
dataset/dreamdata/STN_a4_i4_s1_t4000/original_0.json,0.0,0.0,0.007728099822998047,0.0002040863037109375,0.0011277210712432862,5.6409979009771494e-05
dataset/dreamdata/STN_a4_i4_s1_t4000/original_1.json,0.087,0.0,0.005618095397949219,0.000186920166015625,0.001228099822998047,0.00034893621076215376
dataset/dreamdata/STN_a4_i4_s1_t4000/original_6.json,0.967,0.0,0.0016429424285888672,0.0001819133758544922,0.0010467014312744141,0.00010151500339145298
dataset/dreamdata/STN_a4_i4_s1_t4000/original_7.json,0.0,0.0,0.0006668567657470703,0.00013518333435058594,0.0014737350940704345,0.0012947295879100536
dataset/dreamdata/STN_a4_i4_s5_t5000/original_8.json,0.02,0.012,0.0022840499877929688,0.0002110004425048828,0.00031652021408081057,0.00031573612530071577
dataset/dreamdata/STN_a4_i4_s5_t5000/original_4.json,0.865,0.803,0.0010869503021240234,0.00017404556274414062,0.0019183964729309081,0.001712900740248305
dataset/dreamdata/STN_a4_i4_s5_t5000/original_5.json,1.0,1.0,0.0005512237548828125,0.00015282630920410156,0.0017642064094543458,0.0015888877578445143
dataset/dreamdata/STN_a4_i4_s5_t5000/original_9.json,0.018,0.014,0.004213094711303711,0.0001990795135498047,0.00033523130416870115,0.00031049425776179013
dataset/dreamdata/STN_a4_i4_s5_t5000/original_2.json,0.719,0.592,0.001008749008178711,0.00015616416931152344,0.0018144710063934327,0.0016551896019860192
dataset/dreamdata/STN_a4_i4_s5_t5000/original_3.json,0.0,0.0,0.0017170906066894531,0.0001652240753173828,0.0009059350490570068,0.00047651091376105107
dataset/dreamdata/STN_a4_i4_s5_t5000/original_0.json,0.0,0.0,0.0009918212890625,0.00022983551025390625,0.00029318523406982424,0.0002908105248803491
dataset/dreamdata/STN_a4_i4_s5_t5000/original_1.json,0.362,0.0,0.0011820793151855469,0.00016379356384277344,0.0017696704864501953,0.0008229288133653674
dataset/dreamdata/STN_a4_i4_s5_t5000/original_6.json,0.067,0.044,0.002552032470703125,0.0002460479736328125,0.00037001323699951174,0.0003685080133997523
dataset/dreamdata/STN_a4_i4_s5_t5000/original_7.json,0.148,0.06,0.0024628639221191406,0.00016808509826660156,0.0002961764335632324,0.00071907711697293
dataset/dreamdata/STN_a2_i8_s5_t20000/original_8.json,0.579,0.0,0.008349895477294922,0.0002129077911376953,0.0010230941772460937,4.963545469908385e-05
dataset/dreamdata/STN_a2_i8_s5_t20000/original_4.json,0.002,0.005,0.0033791065216064453,0.00019025802612304688,0.0010639729499816895,0.00033718878561789326
dataset/dreamdata/STN_a2_i8_s5_t20000/original_5.json,0.033,0.013,0.004535198211669922,0.00019812583923339844,0.0011389496326446532,0.0003359754522283514
dataset/dreamdata/STN_a2_i8_s5_t20000/original_9.json,0.0,0.0,0.002651214599609375,0.00017213821411132812,0.0009527108669281005,0.0003080119838466396
dataset/dreamdata/STN_a2_i8_s5_t20000/original_2.json,0.386,0.124,0.002513885498046875,0.0001971721649169922,0.001998691558837891,0.00034232063217086716
dataset/dreamdata/STN_a2_i8_s5_t20000/original_3.json,0.43,0.0,0.0015397071838378906,0.00020623207092285156,0.0010986533164978028,0.0006744632491836319
dataset/dreamdata/STN_a2_i8_s5_t20000/original_0.json,0.628,0.0,0.0018439292907714844,0.00017786026000976562,0.0019002864360809326,0.0006169616519748508
dataset/dreamdata/STN_a2_i8_s5_t20000/original_1.json,0.748,0.45,0.0025682449340820312,0.00018906593322753906,0.0010777885913848878,0.0003331545236948374
dataset/dreamdata/STN_a2_i8_s5_t20000/original_6.json,0.0,0.0,0.0012481212615966797,0.00021123886108398438,0.0004285731315612793,0.00042725468541050815
dataset/dreamdata/STN_a2_i8_s5_t20000/original_7.json,1.0,1.0,0.0006539821624755859,0.00015401840209960938,0.00037386369705200194,0.0015815920061296649
dataset/dreamdata/STN_a2_i8_s1_t1000/original_8.json,0.0,0.0,0.001081228256225586,0.00021386146545410156,0.0003436000347137451,0.0003434690507921251
dataset/dreamdata/STN_a2_i8_s1_t1000/original_4.json,0.0,0.0,0.00115203857421875,0.00020885467529296875,0.0003712012767791748,0.00036972731322020263
dataset/dreamdata/STN_a2_i8_s1_t1000/original_5.json,1.0,1.0,0.0023720264434814453,0.00017786026000976562,0.0018688745498657226,0.0017052548783677477
dataset/dreamdata/STN_a2_i8_s1_t1000/original_9.json,0.921,0.999,0.0035707950592041016,0.00019097328186035156,0.001858062505722046,0.0016673661328412152
dataset/dreamdata/STN_a2_i8_s1_t1000/original_2.json,0.196,0.0,0.005420207977294922,0.00018405914306640625,0.0018961362838745117,0.0003616795525536523
dataset/dreamdata/STN_a2_i8_s1_t1000/original_3.json,0.0,0.0,0.0020890235900878906,0.0002570152282714844,0.00028723835945129397,0.0002846345529183969
dataset/dreamdata/STN_a2_i8_s1_t1000/original_0.json,0.432,0.0,0.00551295280456543,0.00020575523376464844,0.001142076015472412,0.00036484414750749284
dataset/dreamdata/STN_a2_i8_s1_t1000/original_1.json,0.0,0.0,0.0009510517120361328,0.0002570152282714844,0.0003952071666717529,0.00039304197729528843
dataset/dreamdata/STN_a2_i8_s1_t1000/original_6.json,0.0,0.0,0.0006129741668701172,0.000244140625,0.00036147236824035645,0.00035978151155305696
dataset/dreamdata/STN_a2_i8_s1_t1000/original_7.json,0.635,0.06,0.002454996109008789,0.00017380714416503906,0.0019385762214660645,0.0018400792722348814
dataset/dreamdata/STN_a3_i4_s3_t3000/original_8.json,0.052,0.057,0.0045871734619140625,0.00018095970153808594,0.00030167555809020995,0.0008342795901828342
dataset/dreamdata/STN_a3_i4_s3_t3000/original_4.json,0.977,1.0,0.0009560585021972656,0.0001678466796875,0.0017607746124267579,0.0016084266257834984
dataset/dreamdata/STN_a3_i4_s3_t3000/original_5.json,0.0,0.0,0.0017871856689453125,0.00015473365783691406,0.000355940580368042,0.00034078367956885105
dataset/dreamdata/STN_a3_i4_s3_t3000/original_9.json,0.002,0.0,0.00720524787902832,0.00018310546875,0.0002923893928527832,0.00026464366817378904
dataset/dreamdata/STN_a3_i4_s3_t3000/original_2.json,0.062,0.075,0.003869295120239258,0.00017571449279785156,0.0002770833969116211,0.00025384395091502637
dataset/dreamdata/STN_a3_i4_s3_t3000/original_3.json,0.179,0.003,0.002257108688354492,0.0001628398895263672,0.0010529356002807618,0.00037861992050338913
dataset/dreamdata/STN_a3_i4_s3_t3000/original_0.json,0.942,1.0,0.0006778240203857422,0.00015592575073242188,0.0007897465229034424,0.0015294084081182012
dataset/dreamdata/STN_a3_i4_s3_t3000/original_1.json,0.011,0.016,0.00656890869140625,0.0001881122589111328,0.0003427886962890625,0.0003162867075449473
dataset/dreamdata/STN_a3_i4_s3_t3000/original_6.json,0.001,0.0,0.0029230117797851562,0.00021386146545410156,0.0003245244026184082,0.00032403972652462034
dataset/dreamdata/STN_a3_i4_s3_t3000/original_7.json,0.0,0.004,0.005075931549072266,0.0002009868621826172,0.0003655903339385986,0.00034321082366240753
dataset/dreamdata/STN_a2_i8_s5_t10000/original_8.json,0.599,0.003,0.0031239986419677734,0.000179290771484375,0.0009749200344085693,0.00033190706232049923
dataset/dreamdata/STN_a2_i8_s5_t10000/original_4.json,0.836,0.647,0.001847982406616211,0.00018310546875,0.0008866171836853028,0.00033160444494482273
dataset/dreamdata/STN_a2_i8_s5_t10000/original_5.json,0.004,0.004,0.0010459423065185547,0.00019598007202148438,0.0003153038024902344,0.0003150406781140271
dataset/dreamdata/STN_a2_i8_s5_t10000/original_9.json,0.946,0.636,0.00096893310546875,0.00018095970153808594,0.0010205607414245606,0.00037671185589886763
dataset/dreamdata/STN_a2_i8_s5_t10000/original_2.json,0.097,0.152,0.003384113311767578,0.00020003318786621094,0.0017336399555206298,0.00032484018289529766
dataset/dreamdata/STN_a2_i8_s5_t10000/original_3.json,0.243,0.021,0.004287004470825195,0.0002028942108154297,0.0019463341236114502,0.0003701430541259033
dataset/dreamdata/STN_a2_i8_s5_t10000/original_0.json,0.808,0.43,0.0036377906799316406,0.00021219253540039062,0.0012592499256134032,0.00035684006111519237
dataset/dreamdata/STN_a2_i8_s5_t10000/original_1.json,0.203,0.027,0.003918170928955078,0.00018906593322753906,0.0010988976955413818,0.00034203090228595293
dataset/dreamdata/STN_a2_i8_s5_t10000/original_6.json,0.964,0.693,0.0005629062652587891,0.00016808509826660156,0.0010140695571899414,0.0004146029879977634
dataset/dreamdata/STN_a2_i8_s5_t10000/original_7.json,0.104,0.057,0.002420186996459961,0.00018286705017089844,0.00034887051582336426,0.00032073957426053984
dataset/dreamdata/STN_a3_i8_s5_t20000/original_8.json,0.281,0.158,0.0035851001739501953,0.00020933151245117188,0.0018178308010101318,0.0003687769801051051
dataset/dreamdata/STN_a3_i8_s5_t20000/original_4.json,0.022,0.02,0.002998828887939453,0.00023508071899414062,0.0002955491542816162,0.00029191025742539414
dataset/dreamdata/STN_a3_i8_s5_t20000/original_5.json,0.434,0.0,0.004372358322143555,0.0002079010009765625,0.0010702545642852783,0.00018180335486854042
dataset/dreamdata/STN_a3_i8_s5_t20000/original_9.json,0.115,0.074,0.0034940242767333984,0.00021219253540039062,0.0012889571189880372,0.0003584178241046222
dataset/dreamdata/STN_a3_i8_s5_t20000/original_2.json,0.477,0.174,0.007275819778442383,0.00021505355834960938,0.0013692348003387451,0.00035213636564420867
dataset/dreamdata/STN_a3_i8_s5_t20000/original_3.json,0.985,1.0,0.0009629726409912109,0.00018477439880371094,0.0019372327327728271,0.001813527938720581
dataset/dreamdata/STN_a3_i8_s5_t20000/original_0.json,0.323,0.0,0.004269838333129883,0.0002002716064453125,0.001738295555114746,0.00016974185680125925
dataset/dreamdata/STN_a3_i8_s5_t20000/original_1.json,0.986,1.0,0.001360177993774414,0.00019502639770507812,0.0019507970809936523,0.0018128324915338923
dataset/dreamdata/STN_a3_i8_s5_t20000/original_6.json,0.0,0.0,0.003988981246948242,0.00020694732666015625,0.00035832905769348145,0.0003266282029099412
dataset/dreamdata/STN_a3_i8_s5_t20000/original_7.json,0.128,0.0,0.008095979690551758,0.0002391338348388672,0.0013741812705993653,0.00015697799048743568
dataset/dreamdata/STN_a4_i8_s5_t20000/original_8.json,0.237,0.138,0.003014087677001953,0.00022292137145996094,0.0013107752799987793,0.0012481007370743547
dataset/dreamdata/STN_a4_i8_s5_t20000/original_4.json,0.0,0.0,0.0028219223022460938,0.00024199485778808594,0.00034349441528320313,0.000342627784034034
dataset/dreamdata/STN_a4_i8_s5_t20000/original_5.json,0.059,0.023,0.0014929771423339844,0.0001773834228515625,0.001059560775756836,0.0003477312303758837
dataset/dreamdata/STN_a4_i8_s5_t20000/original_9.json,0.448,1.0,0.0013921260833740234,0.0001919269561767578,0.00035578250885009765,0.0018270567014768676
dataset/dreamdata/STN_a4_i8_s5_t20000/original_2.json,0.354,0.0,0.002351045608520508,0.00017690658569335938,0.0017707288265228272,0.00011024627838287506
dataset/dreamdata/STN_a4_i8_s5_t20000/original_3.json,0.199,0.092,0.0026798248291015625,0.00019693374633789062,0.0004189071655273437,0.0004008100316808508
dataset/dreamdata/STN_a4_i8_s5_t20000/original_0.json,0.143,0.024,0.0034720897674560547,0.0001888275146484375,0.0017869884967803955,0.0003857082790798611
dataset/dreamdata/STN_a4_i8_s5_t20000/original_1.json,0.173,0.0,0.001348257064819336,0.000209808349609375,0.0019802985191345215,0.00011224813528127738
dataset/dreamdata/STN_a4_i8_s5_t20000/original_6.json,0.341,0.351,0.0013859272003173828,0.00020813941955566406,0.001443042516708374,0.0013392172060213289
dataset/dreamdata/STN_a4_i8_s5_t20000/original_7.json,1.0,1.0,0.0008070468902587891,0.00016999244689941406,0.0018183434009552003,0.0016831356483894783
dataset/dreamdata/STN_a4_i4_s1_t1000/original_8.json,0.049,0.005,0.0028128623962402344,0.000164031982421875,0.0014882991313934326,0.00033004147870404585
dataset/dreamdata/STN_a4_i4_s1_t1000/original_4.json,0.91,0.443,0.0026769638061523438,0.0001800060272216797,0.0018976562023162841,0.001816894199039127
dataset/dreamdata/STN_a4_i4_s1_t1000/original_5.json,1.0,1.0,0.0009541511535644531,0.00014710426330566406,0.001675438404083252,0.0015868765933138948
dataset/dreamdata/STN_a4_i4_s1_t1000/original_9.json,0.424,0.467,0.0011777877807617188,0.00014734268188476562,0.0006239609718322754,0.0010490018922884065
dataset/dreamdata/STN_a4_i4_s1_t1000/original_2.json,0.976,1.0,0.0007276535034179688,0.00015020370483398438,0.000625453233718872,0.0013612588723977885
dataset/dreamdata/STN_a4_i4_s1_t1000/original_3.json,0.287,0.001,0.0008058547973632812,0.0001399517059326172,0.0013728954792022706,0.0012070855817517957
dataset/dreamdata/STN_a4_i4_s1_t1000/original_0.json,0.0,0.0,0.0006008148193359375,0.0002090930938720703,0.00035343551635742186,0.0003529790643457178
dataset/dreamdata/STN_a4_i4_s1_t1000/original_1.json,0.973,0.752,0.0006148815155029297,0.0001342296600341797,0.001410590648651123,0.0012364676287463
dataset/dreamdata/STN_a4_i4_s1_t1000/original_6.json,0.006,0.0,0.0016942024230957031,0.00015497207641601562,0.001074108600616455,0.0003274329551108726
dataset/dreamdata/STN_a4_i4_s1_t1000/original_7.json,0.0,0.0,0.0012969970703125,0.00023674964904785156,0.0003623178005218506,0.00036110128607000553
dataset/dreamdata/STN_a2_i8_s5_t5000/original_8.json,0.08,0.071,0.0024271011352539062,0.0002288818359375,0.00038194942474365233,0.0003806895560569114
dataset/dreamdata/STN_a2_i8_s5_t5000/original_4.json,0.367,0.001,0.002027750015258789,0.00018310546875,0.0020213541984558108,0.000320226222545177
dataset/dreamdata/STN_a2_i8_s5_t5000/original_5.json,0.016,0.024,0.003303050994873047,0.0002689361572265625,0.000339529275894165,0.0003395522082293475
dataset/dreamdata/STN_a2_i8_s5_t5000/original_9.json,0.005,0.01,0.0023162364959716797,0.0002238750457763672,0.0003741428852081299,0.00036826028718843354
dataset/dreamdata/STN_a2_i8_s5_t5000/original_2.json,0.81,0.431,0.000823974609375,0.00014209747314453125,0.0016869783401489257,0.00036292343406944545
dataset/dreamdata/STN_a2_i8_s5_t5000/original_3.json,0.05,0.064,0.001127004623413086,0.0002219676971435547,0.000336491584777832,0.000335465203057061
dataset/dreamdata/STN_a2_i8_s5_t5000/original_0.json,0.051,0.024,0.004339933395385742,0.0002002716064453125,0.0010882678031921386,0.0003511927149317286
dataset/dreamdata/STN_a2_i8_s5_t5000/original_1.json,0.973,1.0,0.001516103744506836,0.00017189979553222656,0.0019478228092193605,0.0017836330173251866
dataset/dreamdata/STN_a2_i8_s5_t5000/original_6.json,0.003,0.005,0.0019540786743164062,0.00022602081298828125,0.00030623817443847654,0.0003042612467203532
dataset/dreamdata/STN_a2_i8_s5_t5000/original_7.json,0.032,0.0,0.009185075759887695,0.00021576881408691406,0.0019356458187103271,0.0003435719120609868
dataset/dreamdata/STN_a3_i8_s5_t10000/original_8.json,0.0,0.0,0.004511833190917969,0.00020813941955566406,0.0012333154678344726,0.0003400249882145329
dataset/dreamdata/STN_a3_i8_s5_t10000/original_4.json,0.2,0.152,0.0025649070739746094,0.00018095970153808594,0.0019081633090972901,0.0004041588700211442
dataset/dreamdata/STN_a3_i8_s5_t10000/original_5.json,0.108,0.132,0.0020148754119873047,0.00021195411682128906,0.00039832067489624026,0.00038117021173089596
dataset/dreamdata/STN_a3_i8_s5_t10000/original_9.json,0.054,0.051,0.0017418861389160156,0.00023102760314941406,0.00037168359756469725,0.0003663579503575841
dataset/dreamdata/STN_a3_i8_s5_t10000/original_2.json,0.004,0.001,0.0157620906829834,0.00022673606872558594,0.00031563901901245116,0.00029270928185265346
dataset/dreamdata/STN_a3_i8_s5_t10000/original_3.json,0.414,0.017,0.003862142562866211,0.00021982192993164062,0.0021264393329620363,0.000354642505282993
dataset/dreamdata/STN_a3_i8_s5_t10000/original_0.json,0.443,0.007,0.006694316864013672,0.00021195411682128906,0.001891695261001587,0.0003988797719533498
dataset/dreamdata/STN_a3_i8_s5_t10000/original_1.json,0.007,0.002,0.0011379718780517578,0.00022602081298828125,0.0003182406425476074,0.000320331470386402
dataset/dreamdata/STN_a3_i8_s5_t10000/original_6.json,0.709,0.202,0.0015575885772705078,0.00020694732666015625,0.0019229886531829834,0.00038885831594228504
dataset/dreamdata/STN_a3_i8_s5_t10000/original_7.json,0.39,0.372,0.0010111331939697266,0.00017905235290527344,0.00030850100517272947,0.001610817971291604
dataset/dreamdata/STN_a3_i4_s1_t2000/original_8.json,0.0,0.508,0.0012080669403076172,0.0001499652862548828,0.0008612635135650634,0.0016055414984534094
dataset/dreamdata/STN_a3_i4_s1_t2000/original_4.json,0.973,0.985,0.0017368793487548828,0.00015211105346679688,0.0014598913192749024,0.0013556719064951183
dataset/dreamdata/STN_a3_i4_s1_t2000/original_5.json,1.0,1.0,0.0008180141448974609,0.00015997886657714844,0.001756446123123169,0.0015488255608666528
dataset/dreamdata/STN_a3_i4_s1_t2000/original_9.json,0.0,0.999,0.0025892257690429688,0.00018787384033203125,0.0003040173053741455,0.001682281494140625
dataset/dreamdata/STN_a3_i4_s1_t2000/original_2.json,0.239,0.141,0.006972789764404297,0.00019812583923339844,0.0019010519981384278,0.0011874531601761675
dataset/dreamdata/STN_a3_i4_s1_t2000/original_3.json,0.009,0.0,0.008138895034790039,0.00019025802612304688,0.0011234796047210694,0.0002935596175857254
dataset/dreamdata/STN_a3_i4_s1_t2000/original_0.json,0.142,0.0,0.00577092170715332,0.00018596649169921875,0.0011279606819152833,0.00021020738450853196
dataset/dreamdata/STN_a3_i4_s1_t2000/original_1.json,0.92,0.028,0.00267791748046875,0.00017189979553222656,0.0019529662132263183,0.0017549457015456618
dataset/dreamdata/STN_a3_i4_s1_t2000/original_6.json,0.35,0.0,0.003557920455932617,0.00017189979553222656,0.0018153326511383056,0.0002571691621889223
dataset/dreamdata/STN_a3_i4_s1_t2000/original_7.json,0.012,0.005,0.0013058185577392578,0.00020933151245117188,0.0003120450973510742,0.00030833608037358646
dataset/dreamdata/STN_a4_i8_s5_t10000/original_8.json,0.015,0.014,0.005872964859008789,0.00022912025451660156,0.00037429165840148926,0.00037221674685244325
dataset/dreamdata/STN_a4_i8_s5_t10000/original_4.json,0.023,0.021,0.0030260086059570312,0.00024199485778808594,0.0003608746528625488,0.0003574978004585396
dataset/dreamdata/STN_a4_i8_s5_t10000/original_5.json,0.011,0.0,0.004004955291748047,0.00017690658569335938,0.001929847240447998,0.00031033507338515273
dataset/dreamdata/STN_a4_i8_s5_t10000/original_9.json,0.0,0.0,0.010203123092651367,0.0002110004425048828,0.00037398266792297363,0.00033793077096566784
dataset/dreamdata/STN_a4_i8_s5_t10000/original_2.json,0.005,0.002,0.002769947052001953,0.0002391338348388672,0.00041423773765563967,0.00041478078763883513
dataset/dreamdata/STN_a4_i8_s5_t10000/original_3.json,0.972,1.0,0.0005538463592529297,0.0001780986785888672,0.0017974307537078856,0.0016096127522480976
dataset/dreamdata/STN_a4_i8_s5_t10000/original_0.json,0.004,0.003,0.0012040138244628906,0.00023984909057617188,0.00037860608100891114,0.0003816031359576129
dataset/dreamdata/STN_a4_i8_s5_t10000/original_1.json,0.047,0.008,0.011950969696044922,0.0002071857452392578,0.0012861399650573732,0.0003425330371112079
dataset/dreamdata/STN_a4_i8_s5_t10000/original_6.json,0.179,0.185,0.001132965087890625,0.0002238750457763672,0.00038220524787902833,0.00038036665281614623
dataset/dreamdata/STN_a4_i8_s5_t10000/original_7.json,0.0,0.0,0.002817869186401367,0.0002551078796386719,0.00029856038093566893,0.00029541589356996156
dataset/dreamdata/STN_a3_i4_s3_t6000/original_8.json,1.0,1.0,0.0009679794311523438,0.00015616416931152344,0.0017387239933013916,0.001590747852344532
dataset/dreamdata/STN_a3_i4_s3_t6000/original_4.json,0.0,0.0,0.004100799560546875,0.00018215179443359375,0.0006244099140167237,5.1898641271276156e-05
dataset/dreamdata/STN_a3_i4_s3_t6000/original_5.json,0.004,0.008,0.004393100738525391,0.0001780986785888672,0.0018240647315979003,0.00032060425560753627
dataset/dreamdata/STN_a3_i4_s3_t6000/original_9.json,0.006,0.3,0.0022530555725097656,0.00017905235290527344,0.0011155698299407958,0.0018377874467943285
dataset/dreamdata/STN_a3_i4_s3_t6000/original_2.json,0.593,0.0,0.0017418861389160156,0.00015997886657714844,0.0010098166465759277,5.4619572422764564e-05
dataset/dreamdata/STN_a3_i4_s3_t6000/original_3.json,0.001,0.0,0.006170749664306641,0.00019598007202148438,0.00035430169105529785,0.0003191052495060979
dataset/dreamdata/STN_a3_i4_s3_t6000/original_0.json,0.459,0.0,0.0012421607971191406,0.00014591217041015625,0.001763324499130249,0.0004591488384747052
dataset/dreamdata/STN_a3_i4_s3_t6000/original_1.json,0.935,1.0,0.0009579658508300781,0.00017189979553222656,0.0008759565353393554,0.0016285788428198706
dataset/dreamdata/STN_a3_i4_s3_t6000/original_6.json,0.418,0.0,0.003582000732421875,0.00017189979553222656,0.001970452547073364,0.0007646396472766712
dataset/dreamdata/STN_a3_i4_s3_t6000/original_7.json,0.657,0.64,0.0023577213287353516,0.00016808509826660156,0.0003577864170074463,0.00034113617630692215
dataset/dreamdata/STN_a2_i8_s1_t4000/original_8.json,0.0,0.0,0.006199836730957031,0.0002040863037109375,0.0003635430335998535,0.0003250910116506888
dataset/dreamdata/STN_a2_i8_s1_t4000/original_4.json,0.0,0.0,0.0037429332733154297,0.0002570152282714844,0.00033070921897888184,0.00032535544386855117
dataset/dreamdata/STN_a2_i8_s1_t4000/original_5.json,0.026,0.03,0.0019588470458984375,0.00023412704467773438,0.0003641197681427002,0.00036642143318245006
dataset/dreamdata/STN_a2_i8_s1_t4000/original_9.json,0.051,0.0,0.005832195281982422,0.00019288063049316406,0.0010873990058898925,0.0003324788850587648
dataset/dreamdata/STN_a2_i8_s1_t4000/original_2.json,0.493,0.0,0.0023107528686523438,0.00017595291137695312,0.0017301721572875977,0.0003454895229549618
dataset/dreamdata/STN_a2_i8_s1_t4000/original_3.json,0.532,0.0,0.0008258819580078125,0.00016188621520996094,0.0018028638362884522,0.00023367836907341912
dataset/dreamdata/STN_a2_i8_s1_t4000/original_0.json,0.053,0.0,0.008588790893554688,0.00020813941955566406,0.0012005958557128906,0.0003539052930799452
dataset/dreamdata/STN_a2_i8_s1_t4000/original_1.json,0.0,0.0,0.0011887550354003906,0.00023794174194335938,0.00033824753761291503,0.0003378052372593541
dataset/dreamdata/STN_a2_i8_s1_t4000/original_6.json,0.02,0.013,0.013319015502929688,0.0002307891845703125,0.00033208799362182615,0.00029915636843508547
dataset/dreamdata/STN_a2_i8_s1_t4000/original_7.json,0.0,0.0,0.005392789840698242,0.00026488304138183594,0.00037262272834777833,0.00035119653344751003
dataset/dreamdata/STN_a2_i4_s3_t12000/original_8.json,0.015,0.0,0.00335693359375,0.0001900196075439453,0.0003224368095397949,0.0002596196946916399
dataset/dreamdata/STN_a2_i4_s3_t12000/original_4.json,0.443,0.509,0.004873991012573242,0.00018095970153808594,0.0008184747695922851,0.0002651006967813761
dataset/dreamdata/STN_a2_i4_s3_t12000/original_5.json,0.681,0.181,0.0026879310607910156,0.00023889541625976562,0.0020199191570281984,0.0018247324186521727
dataset/dreamdata/STN_a2_i4_s3_t12000/original_9.json,0.992,1.0,0.0008058547973632812,0.00015497207641601562,0.0018944623470306397,0.0017209224872760944
dataset/dreamdata/STN_a2_i4_s3_t12000/original_2.json,0.208,0.076,0.004186153411865234,0.00019407272338867188,0.0011241135597229003,0.0010296133784083155
dataset/dreamdata/STN_a2_i4_s3_t12000/original_3.json,1.0,1.0,0.0013852119445800781,0.0001518726348876953,0.0019432313442230224,0.0018031776130378425
dataset/dreamdata/STN_a2_i4_s3_t12000/original_0.json,0.835,1.0,0.0013661384582519531,0.0001671314239501953,0.00037056851387023927,0.0017547872331407336
dataset/dreamdata/STN_a2_i4_s3_t12000/original_1.json,0.496,0.16,0.0042989253997802734,0.00018978118896484375,0.0021114323139190673,0.0002997826050232361
dataset/dreamdata/STN_a2_i4_s3_t12000/original_6.json,1.0,1.0,0.0021822452545166016,0.00017905235290527344,0.00034911465644836423,0.0018394134185454986
dataset/dreamdata/STN_a2_i4_s3_t12000/original_7.json,0.229,0.999,0.004628181457519531,0.00020599365234375,0.0003126564025878906,0.002069757984684514
dataset/dreamdata/STN_a4_i4_s1_t2000/original_8.json,0.971,1.0,0.0005869865417480469,0.00012803077697753906,0.0016676981449127196,0.0015289466063658874
dataset/dreamdata/STN_a4_i4_s1_t2000/original_4.json,0.092,0.042,0.003860950469970703,0.00017786026000976562,0.0008758277893066406,0.0008162786294748117
dataset/dreamdata/STN_a4_i4_s1_t2000/original_5.json,0.0,0.0,0.0022377967834472656,0.00018286705017089844,0.0003389847278594971,0.0003399278547193434
dataset/dreamdata/STN_a4_i4_s1_t2000/original_9.json,0.556,0.519,0.0007550716400146484,0.00015687942504882812,0.001870779037475586,0.0016949002568547552
dataset/dreamdata/STN_a4_i4_s1_t2000/original_2.json,0.947,0.999,0.001859903335571289,0.00016570091247558594,0.0018518595695495605,0.001659684233717971
dataset/dreamdata/STN_a4_i4_s1_t2000/original_3.json,0.0,0.0,0.0005567073822021484,0.00019025802612304688,0.00035809183120727537,0.00035641835377858325
dataset/dreamdata/STN_a4_i4_s1_t2000/original_0.json,0.93,1.0,0.0011639595031738281,0.0002639293670654297,0.0018738648891448975,0.0015869622712617402
dataset/dreamdata/STN_a4_i4_s1_t2000/original_1.json,0.946,1.0,0.0009930133819580078,0.00016498565673828125,0.0017102077007293702,0.0015868687176250958
dataset/dreamdata/STN_a4_i4_s1_t2000/original_6.json,0.978,1.0,0.0006799697875976562,0.00014781951904296875,0.0017271957397460938,0.0015807908337872785
dataset/dreamdata/STN_a4_i4_s1_t2000/original_7.json,0.0,0.0,0.0028007030487060547,0.0002460479736328125,0.00029122447967529295,0.0002836835038315904
dataset/dreamdata/STN_a4_i4_s3_t6000/original_8.json,0.0,0.0,0.004405021667480469,0.00018906593322753906,0.000296184778213501,0.00027172987883513397
dataset/dreamdata/STN_a4_i4_s3_t6000/original_4.json,0.398,0.447,0.0006158351898193359,0.00015616416931152344,0.00031759762763977053,0.00029798384543295735
dataset/dreamdata/STN_a4_i4_s3_t6000/original_5.json,0.777,0.302,0.0010869503021240234,0.00015997886657714844,0.0009222640991210937,0.0008385684993770626
dataset/dreamdata/STN_a4_i4_s3_t6000/original_9.json,0.801,0.054,0.0010302066802978516,0.00014781951904296875,0.0016813607215881347,0.0013615824916102626
dataset/dreamdata/STN_a4_i4_s3_t6000/original_2.json,0.169,0.0,0.003902912139892578,0.00022912025451660156,0.0015547029972076416,0.0004240423590094
dataset/dreamdata/STN_a4_i4_s3_t6000/original_3.json,0.875,0.554,0.0010528564453125,0.0002968311309814453,0.002005839824676514,0.001670320470769842
dataset/dreamdata/STN_a4_i4_s3_t6000/original_0.json,0.578,0.464,0.0009253025054931641,0.00015473365783691406,0.0008460407257080078,0.001799488210821295
dataset/dreamdata/STN_a4_i4_s3_t6000/original_1.json,0.869,0.576,0.0015990734100341797,0.0001480579376220703,0.0015614421367645263,0.0013174468929225856
dataset/dreamdata/STN_a4_i4_s3_t6000/original_6.json,0.027,0.003,0.0036013126373291016,0.0001709461212158203,0.0019669957160949707,0.0003210006652770935
dataset/dreamdata/STN_a4_i4_s3_t6000/original_7.json,0.964,1.0,0.0005300045013427734,0.0001461505889892578,0.0007877049446105957,0.0015050422202598107
dataset/dreamdata/STN_a2_i8_s3_t3000/original_8.json,0.001,0.001,0.0013899803161621094,0.00024390220642089844,0.0003444521427154541,0.0003242614390971782
dataset/dreamdata/STN_a2_i8_s3_t3000/original_4.json,0.276,0.0,0.003198862075805664,0.00015282630920410156,0.0018939096927642822,5.664195384349193e-05
dataset/dreamdata/STN_a2_i8_s3_t3000/original_5.json,0.042,0.046,0.0009799003601074219,0.00019407272338867188,0.00034993672370910644,0.0003462386680198265
dataset/dreamdata/STN_a2_i8_s3_t3000/original_9.json,0.0,0.003,0.0017971992492675781,0.00019097328186035156,0.00042085099220275877,0.0003844667841364314
dataset/dreamdata/STN_a2_i8_s3_t3000/original_2.json,0.0,0.001,0.007301807403564453,0.00020813941955566406,0.000332305908203125,0.0003026068747580588
dataset/dreamdata/STN_a2_i8_s3_t3000/original_3.json,0.0,0.001,0.003993988037109375,0.00031685829162597656,0.00042368578910827637,0.00040259327855076755
dataset/dreamdata/STN_a2_i8_s3_t3000/original_0.json,0.866,0.616,0.003477334976196289,0.0001838207244873047,0.002029980421066284,0.0009429025220441388
dataset/dreamdata/STN_a2_i8_s3_t3000/original_1.json,0.166,0.002,0.003186941146850586,0.00019502639770507812,0.0010064647197723388,0.0003177021836136674
dataset/dreamdata/STN_a2_i8_s3_t3000/original_6.json,0.525,0.004,0.002621173858642578,0.00019097328186035156,0.0019221563339233399,0.00037860035061000944
dataset/dreamdata/STN_a2_i8_s3_t3000/original_7.json,0.0,0.0,0.0021572113037109375,0.00023984909057617188,0.00037283825874328614,0.00035398953908437244
dataset/dreamdata/STN_a3_i4_s1_t1000/original_8.json,0.0,0.0,0.00115203857421875,0.0002288818359375,0.00030788326263427734,0.00032766325934393864
dataset/dreamdata/STN_a3_i4_s1_t1000/original_4.json,0.077,0.0,0.002889871597290039,0.0001671314239501953,0.0008460538387298584,0.00029165895135553036
dataset/dreamdata/STN_a3_i4_s1_t1000/original_5.json,0.0,0.0,0.0016560554504394531,0.00024175643920898438,0.00031770062446594236,0.00031700339522567
dataset/dreamdata/STN_a3_i4_s1_t1000/original_9.json,0.987,0.996,0.0023431777954101562,0.00017881393432617188,0.0008582656383514405,0.0010642007783845857
dataset/dreamdata/STN_a3_i4_s1_t1000/original_2.json,0.98,1.0,0.0009667873382568359,0.00015211105346679688,0.0017504606246948242,0.0015421252589564662
dataset/dreamdata/STN_a3_i4_s1_t1000/original_3.json,0.172,0.0,0.001157999038696289,0.00013494491577148438,0.0006939389705657959,0.00034889444574579464
dataset/dreamdata/STN_a3_i4_s1_t1000/original_0.json,0.009,0.244,0.0021941661834716797,0.00015282630920410156,0.0016362464427947998,0.0008636356235385776
dataset/dreamdata/STN_a3_i4_s1_t1000/original_1.json,0.999,1.0,0.001157999038696289,0.0001418590545654297,0.0018666143417358399,0.0016721368909956098
dataset/dreamdata/STN_a3_i4_s1_t1000/original_6.json,0.0,0.0,0.0018749237060546875,0.0002613067626953125,0.0003270881175994873,0.00033086198228257554
dataset/dreamdata/STN_a3_i4_s1_t1000/original_7.json,0.22,0.0,0.0020427703857421875,0.0001583099365234375,0.0019063882827758788,0.0006929138401249149
dataset/dreamdata/STN_a4_i4_s3_t12000/original_8.json,0.0,0.206,0.002315998077392578,0.0001800060272216797,0.0005728676319122314,0.000310836730895935
dataset/dreamdata/STN_a4_i4_s3_t12000/original_4.json,0.946,0.0,0.0014128684997558594,0.00018095970153808594,0.001903963804244995,0.0005007138600697866
dataset/dreamdata/STN_a4_i4_s3_t12000/original_5.json,0.879,0.975,0.0015187263488769531,0.00016188621520996094,0.0009952948093414308,0.0018037370255998186
dataset/dreamdata/STN_a4_i4_s3_t12000/original_9.json,0.953,1.0,0.0004990100860595703,0.0001583099365234375,0.0016513280868530272,0.001490300124113982
dataset/dreamdata/STN_a4_i4_s3_t12000/original_2.json,0.759,0.431,0.002708911895751953,0.00018310546875,0.00122594952583313,0.00038264750002382753
dataset/dreamdata/STN_a4_i4_s3_t12000/original_3.json,0.168,0.082,0.0014410018920898438,0.00017881393432617188,0.0018798346519470215,0.0016720304498682032
dataset/dreamdata/STN_a4_i4_s3_t12000/original_0.json,0.096,0.154,0.004430055618286133,0.00017309188842773438,0.0003202347755432129,0.0009227932633103074
dataset/dreamdata/STN_a4_i4_s3_t12000/original_1.json,0.0,0.0,0.0051021575927734375,0.00017213821411132812,0.0010359249114990235,0.00040742226907082866
dataset/dreamdata/STN_a4_i4_s3_t12000/original_6.json,0.527,0.0,0.003751039505004883,0.00017714500427246094,0.0020109503269195557,0.0003263363251098999
dataset/dreamdata/STN_a4_i4_s3_t12000/original_7.json,1.0,1.0,0.0010690689086914062,0.00015687942504882812,0.0007801167964935303,0.0013352946356848792
dataset/dreamdata/STN_a3_i4_s3_t12000/original_8.json,0.008,0.001,0.0030372142791748047,0.00017070770263671875,0.0011005978584289551,0.00036213658116123935
dataset/dreamdata/STN_a3_i4_s3_t12000/original_4.json,0.219,0.0,0.002302885055541992,0.00017189979553222656,0.00034934544563293456,0.00014225188437644187
dataset/dreamdata/STN_a3_i4_s3_t12000/original_5.json,0.955,1.0,0.0008471012115478516,0.0001621246337890625,0.0017824435234069823,0.001609506311120691
dataset/dreamdata/STN_a3_i4_s3_t12000/original_9.json,1.0,0.0,0.001178741455078125,0.00017213821411132812,0.0010248351097106934,5.410240219162033e-05
dataset/dreamdata/STN_a3_i4_s3_t12000/original_2.json,0.655,0.0,0.0018031597137451172,0.00015473365783691406,0.0017199444770812989,0.00045860899580610885
dataset/dreamdata/STN_a3_i4_s3_t12000/original_3.json,1.0,1.0,0.0004711151123046875,0.00013589859008789062,0.0006540713310241699,0.000951041927089443
dataset/dreamdata/STN_a3_i4_s3_t12000/original_0.json,0.61,0.0,0.0041997432708740234,0.00018405914306640625,0.00035149502754211427,0.00028513979028772427
dataset/dreamdata/STN_a3_i4_s3_t12000/original_1.json,0.965,0.0,0.0009968280792236328,0.00017786026000976562,0.0018081405162811278,0.0003719988527956668
dataset/dreamdata/STN_a3_i4_s3_t12000/original_6.json,0.524,0.066,0.0018191337585449219,0.00017714500427246094,0.001781177282333374,0.00030861196813879307
dataset/dreamdata/STN_a3_i4_s3_t12000/original_7.json,0.65,0.791,0.0006630420684814453,0.00015091896057128906,0.0013520846366882324,0.0012451468764602003
dataset/dreamdata/STN_a4_i4_s3_t3000/original_8.json,0.008,0.151,0.0035638809204101562,0.00017213821411132812,0.0009206833839416504,0.0008334376074530341
dataset/dreamdata/STN_a4_i4_s3_t3000/original_4.json,0.995,1.0,0.0009868144989013672,0.00016188621520996094,0.001312495231628418,0.001155647787603888
dataset/dreamdata/STN_a4_i4_s3_t3000/original_5.json,0.0,0.0,0.006083965301513672,0.0001881122589111328,0.001802422046661377,0.00030357964165337215
dataset/dreamdata/STN_a4_i4_s3_t3000/original_9.json,0.996,1.0,0.0007002353668212891,0.0001437664031982422,0.001747539520263672,0.0015435032658390813
dataset/dreamdata/STN_a4_i4_s3_t3000/original_2.json,0.212,0.0,0.002747058868408203,0.0001647472381591797,0.0019030661582946776,0.0006263248913280957
dataset/dreamdata/STN_a4_i4_s3_t3000/original_3.json,0.037,0.041,0.0031647682189941406,0.00023889541625976562,0.00032128834724426267,0.0003159096291115334
dataset/dreamdata/STN_a4_i4_s3_t3000/original_0.json,0.977,1.0,0.0006608963012695312,0.00016736984252929688,0.0018308587074279785,0.0016551697934354033
dataset/dreamdata/STN_a4_i4_s3_t3000/original_1.json,1.0,1.0,0.0005953311920166016,0.00014066696166992188,0.0012799382209777832,0.0011445693186930828
dataset/dreamdata/STN_a4_i4_s3_t3000/original_6.json,0.0,0.0,0.005769014358520508,0.00017714500427246094,0.0003245701789855957,0.00039121911332413956
dataset/dreamdata/STN_a4_i4_s3_t3000/original_7.json,0.0,0.0,0.002964019775390625,0.0001800060272216797,0.0002843060493469238,0.0005240383090915622
dataset/dreamdata/STN_a3_i4_s1_t4000/original_8.json,0.0,1.0,0.002543210983276367,0.000171661376953125,0.0003406765460968018,0.0018069309753937287
dataset/dreamdata/STN_a3_i4_s1_t4000/original_4.json,0.974,1.0,0.0010421276092529297,0.00014591217041015625,0.0017971146106719972,0.001586276370364505
dataset/dreamdata/STN_a3_i4_s1_t4000/original_5.json,0.172,0.0,0.021636009216308594,0.0001819133758544922,0.0017251229286193847,0.0003158024720124177
dataset/dreamdata/STN_a3_i4_s1_t4000/original_9.json,0.568,0.965,0.003142118453979492,0.00019812583923339844,0.001819983959197998,0.0017874250421533594
dataset/dreamdata/STN_a3_i4_s1_t4000/original_2.json,0.946,1.0,0.0011568069458007812,0.00015997886657714844,0.0017033271789550781,0.0016135443915595282
dataset/dreamdata/STN_a3_i4_s1_t4000/original_3.json,0.0,1.0,0.0017123222351074219,0.00015592575073242188,0.00035459542274475096,0.0016766718558005028
dataset/dreamdata/STN_a3_i4_s1_t4000/original_0.json,0.943,1.0,0.0018241405487060547,0.00015592575073242188,0.0018975136280059814,0.0017501391448058166
dataset/dreamdata/STN_a3_i4_s1_t4000/original_1.json,0.979,0.532,0.0020759105682373047,0.0001850128173828125,0.0017986292839050292,0.0009276236857737865
dataset/dreamdata/STN_a3_i4_s1_t4000/original_6.json,0.01,1.0,0.0027136802673339844,0.0001742839813232422,0.00033411574363708497,0.0017115730900425573
dataset/dreamdata/STN_a3_i4_s1_t4000/original_7.json,0.976,1.0,0.0007548332214355469,0.00014495849609375,0.0017276761531829835,0.0015412188387728548
dataset/dreamdata/STN_a2_i8_s3_t6000/original_8.json,0.001,0.0,0.0069348812103271484,0.0002009868621826172,0.001065873384475708,0.0002965060798255531
dataset/dreamdata/STN_a2_i8_s3_t6000/original_4.json,0.944,0.707,0.0015270709991455078,0.0001690387725830078,0.0018686590194702149,0.00040054917932153347
dataset/dreamdata/STN_a2_i8_s3_t6000/original_5.json,0.287,0.299,0.0052030086517333984,0.00021004676818847656,0.0003356280326843262,0.0003125980213001087
dataset/dreamdata/STN_a2_i8_s3_t6000/original_9.json,0.762,0.0,0.0033791065216064453,0.0001819133758544922,0.0010690343379974364,0.0003150399621423181
dataset/dreamdata/STN_a2_i8_s3_t6000/original_2.json,0.078,0.0,0.0065081119537353516,0.00017881393432617188,0.0010418257713317872,9.159974985055856e-05
dataset/dreamdata/STN_a2_i8_s3_t6000/original_3.json,0.974,1.0,0.0007808208465576172,0.0001571178436279297,0.001855567216873169,0.0017167696127065785
dataset/dreamdata/STN_a2_i8_s3_t6000/original_0.json,0.002,0.001,0.010497093200683594,0.00021409988403320312,0.00037946653366088866,0.0003435038947486305
dataset/dreamdata/STN_a2_i8_s3_t6000/original_1.json,0.979,1.0,0.0013129711151123047,0.00017023086547851562,0.0018942501544952392,0.0017206010159787474
dataset/dreamdata/STN_a2_i8_s3_t6000/original_6.json,0.973,0.798,0.0018618106842041016,0.00018525123596191406,0.0009962010383605957,0.0003365799710079953
dataset/dreamdata/STN_a2_i8_s3_t6000/original_7.json,0.07,0.067,0.004495143890380859,0.00018787384033203125,0.00038347887992858885,0.0003573562767173912
dataset/dreamdata/STN_a2_i8_s1_t2000/original_8.json,0.0,0.0,0.0025708675384521484,0.0002491474151611328,0.00032542681694030764,0.0003254198813223624
dataset/dreamdata/STN_a2_i8_s1_t2000/original_4.json,0.386,0.0,0.0034759044647216797,0.00017213821411132812,0.0010253264904022217,0.0004193112179562375
dataset/dreamdata/STN_a2_i8_s1_t2000/original_5.json,0.0,0.0,0.0016198158264160156,0.0002460479736328125,0.0002698044776916504,0.0002726477545660895
dataset/dreamdata/STN_a2_i8_s1_t2000/original_9.json,0.239,0.217,0.0039789676666259766,0.00020003318786621094,0.0009495210647583008,0.00031069663909820465
dataset/dreamdata/STN_a2_i8_s1_t2000/original_2.json,0.0,0.0,0.02368903160095215,0.0002009868621826172,0.0003849289417266846,0.0003605814906092616
dataset/dreamdata/STN_a2_i8_s1_t2000/original_3.json,0.0,0.0,0.0008988380432128906,0.0002243518829345703,0.0003397178649902344,0.0003385345737736027
dataset/dreamdata/STN_a2_i8_s1_t2000/original_0.json,0.0,0.0,0.0008220672607421875,0.00021886825561523438,0.0003362901210784912,0.0003320841459898619
dataset/dreamdata/STN_a2_i8_s1_t2000/original_1.json,0.979,1.0,0.0014257431030273438,0.00016117095947265625,0.0018498635292053223,0.0016740869592737268
dataset/dreamdata/STN_a2_i8_s1_t2000/original_6.json,0.0,0.0,0.0038089752197265625,0.0002980232238769531,0.0003417770862579346,0.00033629620755398955
dataset/dreamdata/STN_a2_i8_s1_t2000/original_7.json,0.0,0.0,0.0023040771484375,0.00022983551025390625,0.00034833574295043947,0.00034474753760718724
dataset/dreamdata/STN_a3_i4_s5_t5000/original_8.json,0.022,0.014,0.0036859512329101562,0.0001819133758544922,0.0003562183380126953,0.00033703628364387334
dataset/dreamdata/STN_a3_i4_s5_t5000/original_4.json,0.228,0.2,0.0010328292846679688,0.0001621246337890625,0.0019291388988494874,0.0016738311187163726
dataset/dreamdata/STN_a3_i4_s5_t5000/original_5.json,0.049,0.059,0.0017828941345214844,0.00019502639770507812,0.00036395716667175294,0.0003659899408991511
dataset/dreamdata/STN_a3_i4_s5_t5000/original_9.json,0.978,1.0,0.0007786750793457031,0.00016117095947265625,0.001787034511566162,0.001596794472084389
dataset/dreamdata/STN_a3_i4_s5_t5000/original_2.json,0.008,0.013,0.0035872459411621094,0.0001850128173828125,0.0018915855884552002,0.0008677235833398095
dataset/dreamdata/STN_a3_i4_s5_t5000/original_3.json,0.152,0.0,0.0015511512756347656,0.0001628398895263672,0.0018451216220855713,0.00037804404059210575
dataset/dreamdata/STN_a3_i4_s5_t5000/original_0.json,0.975,1.0,0.0006048679351806641,0.00014519691467285156,0.0007564105987548828,0.0015775102514165777
dataset/dreamdata/STN_a3_i4_s5_t5000/original_1.json,0.949,1.0,0.00066375732421875,0.00015497207641601562,0.001805171251296997,0.0016290236999084045
dataset/dreamdata/STN_a3_i4_s5_t5000/original_6.json,0.05,0.0,0.0024640560150146484,0.0001800060272216797,0.00027733778953552247,0.00033689714647508836
dataset/dreamdata/STN_a3_i4_s5_t5000/original_7.json,0.0,0.0,0.000997781753540039,0.00018095970153808594,0.0005554671287536621,0.000555553713121691
dataset/dreamdata/STN_a3_i8_s1_t4000/original_8.json,0.0,0.0,0.0023488998413085938,0.00023508071899414062,0.00037880611419677734,0.0003757500672364259
dataset/dreamdata/STN_a3_i8_s1_t4000/original_4.json,0.0,0.0,0.007184743881225586,0.00024509429931640625,0.0003714580535888672,0.00036834906768035125
dataset/dreamdata/STN_a3_i8_s1_t4000/original_5.json,1.0,1.0,0.0013508796691894531,0.00017213821411132812,0.0018474197387695313,0.0016697274075375425
dataset/dreamdata/STN_a3_i8_s1_t4000/original_9.json,0.0,0.0,0.005720853805541992,0.00019311904907226562,0.0004116284847259521,0.00039274461037881145
dataset/dreamdata/STN_a3_i8_s1_t4000/original_2.json,0.188,0.0,0.005470752716064453,0.0002460479736328125,0.001856740951538086,0.00036264157987333037
dataset/dreamdata/STN_a3_i8_s1_t4000/original_3.json,0.019,0.0,0.007879972457885742,0.00020813941955566406,0.0011555130481719971,0.0003321077730562594
dataset/dreamdata/STN_a3_i8_s1_t4000/original_0.json,0.8,0.0,0.00279998779296875,0.00018310546875,0.0016995885372161866,0.000328134607385706
dataset/dreamdata/STN_a3_i8_s1_t4000/original_1.json,0.0,0.0,0.016047239303588867,0.00022912025451660156,0.00035497140884399413,0.00031834393292218
dataset/dreamdata/STN_a3_i8_s1_t4000/original_6.json,0.0,0.0,0.0008137226104736328,0.0002942085266113281,0.000353827953338623,0.00035155881513227095
dataset/dreamdata/STN_a3_i8_s1_t4000/original_7.json,0.0,0.0,0.0007193088531494141,0.00021791458129882812,0.0003980109691619873,0.00039328039587439
dataset/dreamdata/STN_a2_i4_s3_t6000/original_8.json,0.447,0.73,0.0035190582275390625,0.00019097328186035156,0.00031198573112487795,0.0020742402062401757
dataset/dreamdata/STN_a2_i4_s3_t6000/original_4.json,0.036,0.059,0.0028548240661621094,0.00018310546875,0.0003036513328552246,0.0002832849462469061
dataset/dreamdata/STN_a2_i4_s3_t6000/original_5.json,0.821,0.0,0.0022118091583251953,0.00017404556274414062,0.001033484697341919,0.00048607820505136486
dataset/dreamdata/STN_a2_i4_s3_t6000/original_9.json,0.002,0.0,0.011706113815307617,0.000202178955078125,0.0003350250720977783,0.0003043287867182368
dataset/dreamdata/STN_a2_i4_s3_t6000/original_2.json,0.105,0.0,0.002969980239868164,0.0001800060272216797,0.0010983524322509765,0.0005981442448613164
dataset/dreamdata/STN_a2_i4_s3_t6000/original_3.json,0.107,0.0,0.0058917999267578125,0.0001900196075439453,0.0010559797286987306,0.0003432981722109072
dataset/dreamdata/STN_a2_i4_s3_t6000/original_0.json,0.929,1.0,0.0012371540069580078,0.0001609325408935547,0.0019325482845306396,0.0017573561396326746
dataset/dreamdata/STN_a2_i4_s3_t6000/original_1.json,0.393,0.0,0.002074003219604492,0.0001780986785888672,0.00030022907257080077,0.0002716224830787819
dataset/dreamdata/STN_a2_i4_s3_t6000/original_6.json,0.097,0.076,0.004690885543823242,0.00019598007202148438,0.00034728074073791507,0.0003203178669239308
dataset/dreamdata/STN_a2_i4_s3_t6000/original_7.json,0.457,0.323,0.0029840469360351562,0.0001709461212158203,0.0009123940467834473,0.00030017615080595733
dataset/dreamdata/STN_a3_i8_s5_t5000/original_8.json,0.004,0.001,0.006066083908081055,0.00019788742065429688,0.001111391305923462,0.0003434160688856581
dataset/dreamdata/STN_a3_i8_s5_t5000/original_4.json,0.005,0.006,0.0023081302642822266,0.00021982192993164062,0.00038681268692016604,0.0003846987589701518
dataset/dreamdata/STN_a3_i8_s5_t5000/original_5.json,0.983,0.296,0.0005881786346435547,0.0001728534698486328,0.001773484468460083,0.0003901024361153145
dataset/dreamdata/STN_a3_i8_s5_t5000/original_9.json,0.135,0.002,0.002106189727783203,0.00018978118896484375,0.0018812985420227051,0.00040009119608500103
dataset/dreamdata/STN_a3_i8_s5_t5000/original_2.json,0.708,0.032,0.001967906951904297,0.00019788742065429688,0.001826425075531006,0.0003898119902586913
dataset/dreamdata/STN_a3_i8_s5_t5000/original_3.json,0.0,0.0,0.0017061233520507812,0.00023293495178222656,0.0002597074508666992,0.00025941802932693436
dataset/dreamdata/STN_a3_i8_s5_t5000/original_0.json,0.0,0.013,0.003047943115234375,0.00019812583923339844,0.00039734244346618653,0.00036976072523328994
dataset/dreamdata/STN_a3_i8_s5_t5000/original_1.json,0.598,0.064,0.00238800048828125,0.00018095970153808594,0.0019476721286773681,0.0003938865852546883
dataset/dreamdata/STN_a3_i8_s5_t5000/original_6.json,0.0,0.0,0.008688926696777344,0.0002510547637939453,0.0003395838737487793,0.0003411025256365985
dataset/dreamdata/STN_a3_i8_s5_t5000/original_7.json,0.036,0.033,0.0018489360809326172,0.0002319812774658203,0.00032107234001159667,0.0003232838990571382
dataset/dreamdata/STN_a2_i4_s1_t2000/original_8.json,0.945,0.996,0.0026738643646240234,0.00017404556274414062,0.0019233601093292237,0.0017542280592359938
dataset/dreamdata/STN_a2_i4_s1_t2000/original_4.json,0.0,0.0,0.001580953598022461,0.0002090930938720703,0.00033020997047424316,0.0003291937682005736
dataset/dreamdata/STN_a2_i4_s1_t2000/original_5.json,0.949,1.0,0.002766132354736328,0.00017499923706054688,0.0019413347244262695,0.001770739321474795
dataset/dreamdata/STN_a2_i4_s1_t2000/original_9.json,0.0,0.072,0.0047452449798583984,0.00017690658569335938,0.001448552370071411,0.0003075193953108382
dataset/dreamdata/STN_a2_i4_s1_t2000/original_2.json,0.982,1.0,0.0014159679412841797,0.0001609325408935547,0.0018010468482971191,0.0016287945889615202
dataset/dreamdata/STN_a2_i4_s1_t2000/original_3.json,0.942,1.0,0.0011439323425292969,0.00015997886657714844,0.0017996387481689453,0.0015943780675664679
dataset/dreamdata/STN_a2_i4_s1_t2000/original_0.json,0.0,0.0,0.0028133392333984375,0.0001857280731201172,0.00032739973068237303,0.0002995795077151126
dataset/dreamdata/STN_a2_i4_s1_t2000/original_1.json,1.0,1.0,0.0006730556488037109,0.00013589859008789062,0.0017531042098999023,0.0015362884189273503
dataset/dreamdata/STN_a2_i4_s1_t2000/original_6.json,0.447,0.114,0.006380796432495117,0.0001919269561767578,0.0010704805850982667,0.000977602806893197
dataset/dreamdata/STN_a2_i4_s1_t2000/original_7.json,0.0,0.176,0.004083871841430664,0.00018310546875,0.0003233375549316406,0.0008657885504675818
dataset/dreamdata/STN_a2_i8_s3_t12000/original_8.json,0.364,0.0,0.0026128292083740234,0.0001780986785888672,0.00037340426445007325,0.0007002957471020825
dataset/dreamdata/STN_a2_i8_s3_t12000/original_4.json,0.587,0.0,0.0020389556884765625,0.0001678466796875,0.0008713173866271973,8.962509987709878e-05
dataset/dreamdata/STN_a2_i8_s3_t12000/original_5.json,0.0,0.0,0.0044460296630859375,0.0001957416534423828,0.0010948574542999267,0.0003333989087048474
dataset/dreamdata/STN_a2_i8_s3_t12000/original_9.json,0.863,1.0,0.0029370784759521484,0.000209808349609375,0.0003511762619018555,0.001909110877845619
dataset/dreamdata/STN_a2_i8_s3_t12000/original_2.json,0.355,0.168,0.004467010498046875,0.00019621849060058594,0.001086982250213623,0.00035253325262823857
dataset/dreamdata/STN_a2_i8_s3_t12000/original_3.json,0.974,1.0,0.0006730556488037109,0.0001480579376220703,0.0018059687614440918,0.0016409190925391944
dataset/dreamdata/STN_a2_i8_s3_t12000/original_0.json,0.549,0.473,0.005377054214477539,0.00020623207092285156,0.00040391683578491213,0.0003759882471582911
dataset/dreamdata/STN_a2_i8_s3_t12000/original_1.json,0.98,1.0,0.002808094024658203,0.00017786026000976562,0.002038423776626587,0.0019166467187402246
dataset/dreamdata/STN_a2_i8_s3_t12000/original_6.json,0.724,0.0,0.0018279552459716797,0.0001850128173828125,0.001027892827987671,0.0006557525218547405
dataset/dreamdata/STN_a2_i8_s3_t12000/original_7.json,0.227,0.135,0.004457950592041016,0.0001888275146484375,0.0003633537292480469,0.0003314006316649902
dataset/dreamdata/STN_a4_i8_s3_t3000/original_8.json,0.726,0.93,0.001631021499633789,0.0001647472381591797,0.0010483593940734863,0.001627771704046576
dataset/dreamdata/STN_a4_i8_s3_t3000/original_4.json,0.015,0.006,0.007879972457885742,0.00019693374633789062,0.0003765194416046143,0.00034553964097459275
dataset/dreamdata/STN_a4_i8_s3_t3000/original_5.json,0.686,0.006,0.0015761852264404297,0.00017499923706054688,0.0019312515258789063,0.00038925997607104174
dataset/dreamdata/STN_a4_i8_s3_t3000/original_9.json,0.0,0.0,0.004946231842041016,0.00025200843811035156,0.00034648776054382326,0.00034109321800438136
dataset/dreamdata/STN_a4_i8_s3_t3000/original_2.json,0.0,0.008,0.0026397705078125,0.00021028518676757812,0.0004343729019165039,0.00040996516192400896
dataset/dreamdata/STN_a4_i8_s3_t3000/original_3.json,0.0,0.0,0.009237289428710938,0.0002040863037109375,0.00035171985626220704,0.0003212846673883356
dataset/dreamdata/STN_a4_i8_s3_t3000/original_0.json,0.0,0.0,0.0020360946655273438,0.0002732276916503906,0.00029928779602050783,0.0003001754348342483
dataset/dreamdata/STN_a4_i8_s3_t3000/original_1.json,0.0,0.0,0.0034029483795166016,0.00025200843811035156,0.0003344306945800781,0.0003327843663212773
dataset/dreamdata/STN_a4_i8_s3_t3000/original_6.json,0.185,0.0,0.005850791931152344,0.00019598007202148438,0.00198015832901001,0.00038105637222916275
dataset/dreamdata/STN_a4_i8_s3_t3000/original_7.json,0.0,0.0,0.002012968063354492,0.00023889541625976562,0.0003570563793182373,0.00035520478173180507
dataset/dreamdata/STN_a2_i4_s3_t3000/original_8.json,1.0,1.0,0.0010180473327636719,0.0001590251922607422,0.0006406176090240479,0.0009637088985653134
dataset/dreamdata/STN_a2_i4_s3_t3000/original_4.json,0.756,0.75,0.001560211181640625,0.0001659393310546875,0.0008075366020202637,0.0019488480236675885
dataset/dreamdata/STN_a2_i4_s3_t3000/original_5.json,0.995,0.994,0.002232074737548828,0.00016808509826660156,0.0008760890960693359,0.001836938781661911
dataset/dreamdata/STN_a2_i4_s3_t3000/original_9.json,0.129,0.13,0.001104116439819336,0.00020503997802734375,0.00033011507987976076,0.0003273071827473225
dataset/dreamdata/STN_a2_i4_s3_t3000/original_2.json,0.978,1.0,0.002765178680419922,0.00017571449279785156,0.0008865206241607666,0.0019933182198006113
dataset/dreamdata/STN_a2_i4_s3_t3000/original_3.json,0.963,1.0,0.003551006317138672,0.0001919269561767578,0.002098534345626831,0.0018817428592685704
dataset/dreamdata/STN_a2_i4_s3_t3000/original_0.json,0.869,0.844,0.0018951892852783203,0.0001647472381591797,0.0018803696632385253,0.0016887295353520025
dataset/dreamdata/STN_a2_i4_s3_t3000/original_1.json,0.24,0.092,0.002412080764770508,0.0001671314239501953,0.0009258272647857666,0.0008474587200878857
dataset/dreamdata/STN_a2_i4_s3_t3000/original_6.json,0.975,1.0,0.0011010169982910156,0.0001499652862548828,0.0018380928039550782,0.0016526626991676735
dataset/dreamdata/STN_a2_i4_s3_t3000/original_7.json,0.975,0.817,0.0017981529235839844,0.00015401840209960938,0.001879678964614868,0.0017151290828639918
dataset/dreamdata/STN_a3_i8_s1_t1000/original_8.json,0.0,0.0,0.006672859191894531,0.00019311904907226562,0.000371901273727417,0.0003508817445527803
dataset/dreamdata/STN_a3_i8_s1_t1000/original_4.json,0.0,0.0,0.0015170574188232422,0.00025200843811035156,0.0003519344329833984,0.0003444706952130353
dataset/dreamdata/STN_a3_i8_s1_t1000/original_5.json,0.011,0.01,0.0034990310668945312,0.00018787384033203125,0.0004005625247955322,0.0003801678513382768
dataset/dreamdata/STN_a3_i8_s1_t1000/original_9.json,0.0,0.0,0.001936197280883789,0.00022292137145996094,0.00033616185188293455,0.0003330487985391397
dataset/dreamdata/STN_a3_i8_s1_t1000/original_2.json,0.192,0.195,0.004593849182128906,0.00018095970153808594,0.0010195839405059814,0.00037752185855899844
dataset/dreamdata/STN_a3_i8_s1_t1000/original_3.json,0.0,0.0,0.0023789405822753906,0.0002193450927734375,0.00032694053649902344,0.0003248323072064985
dataset/dreamdata/STN_a3_i8_s1_t1000/original_0.json,0.0,0.0,0.0015113353729248047,0.0002238750457763672,0.0003915669918060303,0.0003882320793541344
dataset/dreamdata/STN_a3_i8_s1_t1000/original_1.json,0.0,0.0,0.001219034194946289,0.00024509429931640625,0.00036254549026489257,0.00036115617723436326
dataset/dreamdata/STN_a3_i8_s1_t1000/original_6.json,0.0,0.0,0.0022962093353271484,0.00027298927307128906,0.00035834765434265137,0.0003556670607985916
dataset/dreamdata/STN_a3_i8_s1_t1000/original_7.json,0.95,1.0,0.0023431777954101562,0.00017690658569335938,0.0019105980396270752,0.001705622410511708
dataset/dreamdata/STN_a4_i8_s1_t2000/original_8.json,0.0,0.0,0.0019588470458984375,0.00025200843811035156,0.0004231748580932617,0.00042284525431192914
dataset/dreamdata/STN_a4_i8_s1_t2000/original_4.json,0.0,0.0,0.0024230480194091797,0.00022172927856445312,0.00035802555084228513,0.00035800208319892155
dataset/dreamdata/STN_a4_i8_s1_t2000/original_5.json,0.0,0.0,0.0013251304626464844,0.0002560615539550781,0.0003678946495056152,0.0003649038118165773
dataset/dreamdata/STN_a4_i8_s1_t2000/original_9.json,0.0,0.0,0.0014879703521728516,0.00023293495178222656,0.00042311787605285643,0.0004210328912591791
dataset/dreamdata/STN_a4_i8_s1_t2000/original_2.json,0.749,0.0,0.0023789405822753906,0.00019097328186035156,0.0012860751152038573,0.0003387648780066688
dataset/dreamdata/STN_a4_i8_s1_t2000/original_3.json,0.0,0.0,0.00096893310546875,0.0002639293670654297,0.0003751087188720703,0.00037381718227932524
dataset/dreamdata/STN_a4_i8_s1_t2000/original_0.json,0.0,0.0,0.0007250308990478516,0.00023102760314941406,0.0003911547660827637,0.0003876545288421967
dataset/dreamdata/STN_a4_i8_s1_t2000/original_1.json,0.0,0.0,0.005527019500732422,0.000209808349609375,0.0003950529098510742,0.00036369692217241655
dataset/dreamdata/STN_a4_i8_s1_t2000/original_6.json,0.286,0.0,0.0020911693572998047,0.000171661376953125,0.0017900724411010743,0.0004840684724641634
dataset/dreamdata/STN_a4_i8_s1_t2000/original_7.json,0.214,0.0,0.005785942077636719,0.0001926422119140625,0.0012170302867889405,0.00030075370131789505
dataset/dreamdata/STN_a4_i8_s3_t6000/original_8.json,0.0,0.011,0.0072209835052490234,0.00019812583923339844,0.0007679338455200195,0.00034841164215668305
dataset/dreamdata/STN_a4_i8_s3_t6000/original_4.json,0.003,0.005,0.003979921340942383,0.0002009868621826172,0.0004082000255584717,0.00039731895362769994
dataset/dreamdata/STN_a4_i8_s3_t6000/original_5.json,0.018,0.011,0.015774965286254883,0.00022292137145996094,0.0018740506172180175,0.00039410758185553715
dataset/dreamdata/STN_a4_i8_s3_t6000/original_9.json,0.678,0.0,0.0031147003173828125,0.00018024444580078125,0.0013500642776489258,0.00023970589623436913
dataset/dreamdata/STN_a4_i8_s3_t6000/original_2.json,0.0,0.0,0.0031311511993408203,0.00025391578674316406,0.00033728718757629393,0.0003299894514265242
dataset/dreamdata/STN_a4_i8_s3_t6000/original_3.json,0.075,0.002,0.0056951045989990234,0.0002110004425048828,0.0018052268028259278,0.0004195076328617436
dataset/dreamdata/STN_a4_i8_s3_t6000/original_0.json,0.013,0.008,0.003117799758911133,0.0002422332763671875,0.0003936450481414795,0.00041026682467074007
dataset/dreamdata/STN_a4_i8_s3_t6000/original_1.json,0.0,0.001,0.008107662200927734,0.0002522468566894531,0.00036540842056274414,0.000350359562519673
dataset/dreamdata/STN_a4_i8_s3_t6000/original_6.json,1.0,1.0,0.00044798851013183594,0.00016808509826660156,0.0015848560333251954,0.0015135987981542334
dataset/dreamdata/STN_a4_i8_s3_t6000/original_7.json,0.074,0.046,0.0008420944213867188,0.00017404556274414062,0.001970154285430908,0.0003789077411304126
dataset/dreamdata/STN_a4_i8_s3_t12000/original_8.json,0.39,0.0,0.002780914306640625,0.00019502639770507812,0.0018095738887786866,0.0006138347648643517
dataset/dreamdata/STN_a4_i8_s3_t12000/original_4.json,0.004,0.005,0.006820201873779297,0.00020194053649902344,0.0003917486667633057,0.00036164041276689286
dataset/dreamdata/STN_a4_i8_s3_t12000/original_5.json,0.001,0.001,0.0028858184814453125,0.0002579689025878906,0.00037475943565368653,0.00037990890823685013
dataset/dreamdata/STN_a4_i8_s3_t12000/original_9.json,0.0,0.0,0.003986358642578125,0.0002529621124267578,0.0003289787769317627,0.00032731386514994
dataset/dreamdata/STN_a4_i8_s3_t12000/original_2.json,0.002,0.0,0.009084224700927734,0.0002162456512451172,0.0014019289016723633,0.0003857035059351343
dataset/dreamdata/STN_a4_i8_s3_t12000/original_3.json,0.979,1.0,0.0018129348754882812,0.0002048015594482422,0.0013612768650054933,0.0016819005971914296
dataset/dreamdata/STN_a4_i8_s3_t12000/original_0.json,0.127,0.0,0.002888202667236328,0.00018405914306640625,0.0003920729160308838,0.00013143927962691696
dataset/dreamdata/STN_a4_i8_s3_t12000/original_1.json,0.391,0.013,0.003384113311767578,0.0001900196075439453,0.0012215111255645752,0.00037174993329816634
dataset/dreamdata/STN_a4_i8_s3_t12000/original_6.json,0.411,0.0,0.0026161670684814453,0.00019693374633789062,0.0020365161895751953,0.0007839033434221575
dataset/dreamdata/STN_a4_i8_s3_t12000/original_7.json,0.278,0.0,0.0033740997314453125,0.00020885467529296875,0.0011313157081604005,5.483173870586895e-05
dataset/dreamdata/STN_a3_i8_s3_t12000/original_8.json,0.003,0.001,0.011237144470214844,0.00022983551025390625,0.00036150479316711425,0.00033665467072296906
dataset/dreamdata/STN_a3_i8_s3_t12000/original_4.json,0.26,0.223,0.005846977233886719,0.00019669532775878906,0.001918160915374756,0.0010978359359878679
dataset/dreamdata/STN_a3_i8_s3_t12000/original_5.json,0.0,0.0,0.008415937423706055,0.00021696090698242188,0.00038915085792541506,0.00035044929764053604
dataset/dreamdata/STN_a3_i8_s3_t12000/original_9.json,0.41,0.0,0.0037958621978759766,0.0001971721649169922,0.0018414216041564941,6.001585119360083e-05
dataset/dreamdata/STN_a3_i8_s3_t12000/original_2.json,0.968,1.0,0.0012021064758300781,0.00017786026000976562,0.0017721569538116455,0.0016004237326773796
dataset/dreamdata/STN_a3_i8_s3_t12000/original_3.json,0.357,0.001,0.002578258514404297,0.00020003318786621094,0.0012542097568511964,0.0003863667343949174
dataset/dreamdata/STN_a3_i8_s3_t12000/original_0.json,0.374,0.102,0.004878997802734375,0.0001990795135498047,0.0014220123291015625,0.0013631275585583142
dataset/dreamdata/STN_a3_i8_s3_t12000/original_1.json,0.064,0.0,0.0040819644927978516,0.00020694732666015625,0.00040509939193725584,0.00035336855295542126
dataset/dreamdata/STN_a3_i8_s3_t12000/original_6.json,0.083,0.053,0.0026519298553466797,0.00020194053649902344,0.001473590135574341,0.0012948637132768755
dataset/dreamdata/STN_a3_i8_s3_t12000/original_7.json,0.0,0.0,0.01229095458984375,0.00022792816162109375,0.00036191487312316894,0.0003193477252582172
