dataset/dreamdata/STN_a3_i8_s1_t2000/original_8.json,0,0.0,0,0,0,0,0.0002219676971435547,0.00033598808786976876
dataset/dreamdata/STN_a3_i8_s1_t2000/original_4.json,0,0.0,0,0,0,0,0.00021409988403320312,0.0003084609256916909
dataset/dreamdata/STN_a3_i8_s1_t2000/original_5.json,0,0.0,0,0,0,0,0.00020885467529296875,0.0003113854470564492
dataset/dreamdata/STN_a3_i8_s1_t2000/original_9.json,0,0.0,0,0,0,0,0.00019598007202148438,0.00033784391892016235
dataset/dreamdata/STN_a3_i8_s1_t2000/original_2.json,0,0.0,0,0,0,0,0.0002002716064453125,0.000333583534662448
dataset/dreamdata/STN_a3_i8_s1_t2000/original_3.json,0,0.0,0,0,0,0,0.00018978118896484375,0.0003760567861585761
dataset/dreamdata/STN_a3_i8_s1_t2000/original_0.json,0,0.0,0,0,0,0,0.00023603439331054688,0.00035156317092665477
dataset/dreamdata/STN_a3_i8_s1_t2000/original_1.json,0,1.0,0,0,0,0,0.00017523765563964844,0.00039687707795569644
dataset/dreamdata/STN_a3_i8_s1_t2000/original_6.json,0,0.0,0,0,0,0,0.00018477439880371094,0.0003878303508662698
dataset/dreamdata/STN_a3_i8_s1_t2000/original_7.json,0,0.0,0,0,0,0,0.0002028942108154297,0.000362572358481249
dataset/dreamdata/STN_a2_i4_s5_t5000/original_8.json,0,0.01,0,0,0,0,0.00016689300537109375,0.00033772770483889175
dataset/dreamdata/STN_a2_i4_s5_t5000/original_4.json,0,0.0,0,0,0,0,0.00028014183044433594,0.0003243523027429629
dataset/dreamdata/STN_a2_i4_s5_t5000/original_5.json,0,0.125,0,0,0,0,0.00015807151794433594,0.0003193538991650145
dataset/dreamdata/STN_a2_i4_s5_t5000/original_9.json,0,0.05,0,0,0,0,0.0001652240753173828,0.00031220134179196763
dataset/dreamdata/STN_a2_i4_s5_t5000/original_2.json,0,1.0,0,0,0,0,0.0001761913299560547,0.00025172329428207937
dataset/dreamdata/STN_a2_i4_s5_t5000/original_3.json,0,0.595,0,0,0,0,0.0001609325408935547,0.00032045853197874136
dataset/dreamdata/STN_a2_i4_s5_t5000/original_0.json,0,0.015,0,0,0,0,0.00021195411682128906,0.00031208033537744875
dataset/dreamdata/STN_a2_i4_s5_t5000/original_1.json,0,1.0,0,0,0,0,0.0001671314239501953,0.0002890891166188609
dataset/dreamdata/STN_a2_i4_s5_t5000/original_6.json,0,0.01,0,0,0,0,0.00017523765563964844,0.0002787664308020817
dataset/dreamdata/STN_a2_i4_s5_t5000/original_7.json,0,0.275,0,0,0,0,0.00019598007202148438,0.0002967245015666712
dataset/dreamdata/STN_a2_i4_s5_t10000/original_8.json,0,0.58,0,0,0,0,0.00016999244689941406,0.00035873369954938264
dataset/dreamdata/STN_a2_i4_s5_t10000/original_4.json,0,0.075,0,0,0,0,0.00016570091247558594,0.0003310471922907997
dataset/dreamdata/STN_a2_i4_s5_t10000/original_5.json,0,0.035,0,0,0,0,0.0001857280731201172,0.00031442019208591785
dataset/dreamdata/STN_a2_i4_s5_t10000/original_9.json,0,0.03,0,0,0,0,0.00018405914306640625,0.00031152442472064915
dataset/dreamdata/STN_a2_i4_s5_t10000/original_2.json,0,0.06,0,0,0,0,0.00018596649169921875,0.0002814669105874833
dataset/dreamdata/STN_a2_i4_s5_t10000/original_3.json,0,0.505,0,0,0,0,0.000186920166015625,0.00032889783082894945
dataset/dreamdata/STN_a2_i4_s5_t10000/original_0.json,0,0.25,0,0,0,0,0.00019407272338867188,0.0002679465404107942
dataset/dreamdata/STN_a2_i4_s5_t10000/original_1.json,0,0.315,0,0,0,0,0.00018310546875,0.0003475160454984885
dataset/dreamdata/STN_a2_i4_s5_t10000/original_6.json,0,0.155,0,0,0,0,0.0001900196075439453,0.00030494814542070703
dataset/dreamdata/STN_a2_i4_s5_t10000/original_7.json,0,0.48,0,0,0,0,0.00015497207641601562,0.00031317897777461524
dataset/dreamdata/STN_a3_i8_s3_t6000/original_8.json,0,0.01,0,0,0,0,0.00022602081298828125,0.0003832524745308574
dataset/dreamdata/STN_a3_i8_s3_t6000/original_4.json,0,0.0,0,0,0,0,0.00021219253540039062,0.0004394389876169176
dataset/dreamdata/STN_a3_i8_s3_t6000/original_5.json,0,0.1,0,0,0,0,0.00022101402282714844,0.0003633966397999519
dataset/dreamdata/STN_a3_i8_s3_t6000/original_9.json,0,0.015,0,0,0,0,0.0002040863037109375,0.000402195369777967
dataset/dreamdata/STN_a3_i8_s3_t6000/original_2.json,0,0.105,0,0,0,0,0.0002849102020263672,0.000336607496942108
dataset/dreamdata/STN_a3_i8_s3_t6000/original_3.json,0,0.05,0,0,0,0,0.0002300739288330078,0.0003981051133505663
dataset/dreamdata/STN_a3_i8_s3_t6000/original_0.json,0,0.625,0,0,0,0,0.00021409988403320312,0.00039782955418879066
dataset/dreamdata/STN_a3_i8_s3_t6000/original_1.json,0,0.0,0,0,0,0,0.00020813941955566406,0.00034379479873120484
dataset/dreamdata/STN_a3_i8_s3_t6000/original_6.json,0,0.06,0,0,0,0,0.0001919269561767578,0.00035947770928617697
dataset/dreamdata/STN_a3_i8_s3_t6000/original_7.json,0,0.1,0,0,0,0,0.00019407272338867188,0.00033322410966882753
dataset/dreamdata/STN_a2_i4_s1_t4000/original_8.json,0,0.01,0,0,0,0,0.00017690658569335938,0.0003252364882272692
dataset/dreamdata/STN_a2_i4_s1_t4000/original_4.json,0,0.0,0,0,0,0,0.00019407272338867188,0.00031036587815787926
dataset/dreamdata/STN_a2_i4_s1_t4000/original_5.json,0,0.0,0,0,0,0,0.00019288063049316406,0.0003107336897346842
dataset/dreamdata/STN_a2_i4_s1_t4000/original_9.json,0,0.0,0,0,0,0,0.0001761913299560547,0.000315600304148305
dataset/dreamdata/STN_a2_i4_s1_t4000/original_2.json,0,0.0,0,0,0,0,0.00018787384033203125,0.000301519230981568
dataset/dreamdata/STN_a2_i4_s1_t4000/original_3.json,0,0.0,0,0,0,0,0.00019121170043945312,0.0002968455079811901
dataset/dreamdata/STN_a2_i4_s1_t4000/original_0.json,0,1.0,0,0,0,0,0.00015020370483398438,0.0003400723538806091
dataset/dreamdata/STN_a2_i4_s1_t4000/original_1.json,0,0.08,0,0,0,0,0.00018095970153808594,0.0003093786575087351
dataset/dreamdata/STN_a2_i4_s1_t4000/original_6.json,0,0.0,0,0,0,0,0.00018525123596191406,0.0002967077284003023
dataset/dreamdata/STN_a2_i4_s1_t4000/original_7.json,0,0.0,0,0,0,0,0.00018262863159179688,0.0003314269847007253
dataset/dreamdata/STN_a4_i8_s1_t1000/original_8.json,0,0.005,0,0,0,0,0.0001652240753173828,0.00041244377442939796
dataset/dreamdata/STN_a4_i8_s1_t1000/original_4.json,0,0.0,0,0,0,0,0.0001990795135498047,0.0003959162151394178
dataset/dreamdata/STN_a4_i8_s1_t1000/original_5.json,0,0.0,0,0,0,0,0.00023102760314941406,0.0003933966459341385
dataset/dreamdata/STN_a4_i8_s1_t1000/original_9.json,0,0.0,0,0,0,0,0.0002162456512451172,0.0004133674966630025
dataset/dreamdata/STN_a4_i8_s1_t1000/original_2.json,0,0.0,0,0,0,0,0.00021314620971679688,0.00042618459193550763
dataset/dreamdata/STN_a4_i8_s1_t1000/original_3.json,0,0.0,0,0,0,0,0.00019979476928710938,0.0004193603093899674
dataset/dreamdata/STN_a4_i8_s1_t1000/original_0.json,0,0.0,0,0,0,0,0.00020313262939453125,0.0003872073475439944
dataset/dreamdata/STN_a4_i8_s1_t1000/original_1.json,0,0.0,0,0,0,0,0.00021791458129882812,0.0004437460971238026
dataset/dreamdata/STN_a4_i8_s1_t1000/original_6.json,0,0.0,0,0,0,0,0.00020694732666015625,0.0003651949628513662
dataset/dreamdata/STN_a4_i8_s1_t1000/original_7.json,0,0.0,0,0,0,0,0.0001990795135498047,0.0003816722026422395
dataset/dreamdata/STN_a2_i4_s5_t20000/original_8.json,0,0.075,0,0,0,0,0.0002110004425048828,0.00031648568771592336
dataset/dreamdata/STN_a2_i4_s5_t20000/original_4.json,0,0.99,0,0,0,0,0.0001647472381591797,0.0003673395319799682
dataset/dreamdata/STN_a2_i4_s5_t20000/original_5.json,0,0.17,0,0,0,0,0.0001862049102783203,0.00035595414626538453
dataset/dreamdata/STN_a2_i4_s5_t20000/original_9.json,0,0.72,0,0,0,0,0.00019478797912597656,0.0003725332231377836
dataset/dreamdata/STN_a2_i4_s5_t20000/original_2.json,0,0.47,0,0,0,0,0.00021314620971679688,0.0002916542129899988
dataset/dreamdata/STN_a2_i4_s5_t20000/original_3.json,0,0.985,0,0,0,0,0.00018906593322753906,0.0003092001430952369
dataset/dreamdata/STN_a2_i4_s5_t20000/original_0.json,0,0.48,0,0,0,0,0.0001862049102783203,0.0003466929622630977
dataset/dreamdata/STN_a2_i4_s5_t20000/original_1.json,0,0.025,0,0,0,0,0.00019311904907226562,0.0003330767454214432
dataset/dreamdata/STN_a2_i4_s5_t20000/original_6.json,0,0.245,0,0,0,0,0.0001919269561767578,0.0002826697862327997
dataset/dreamdata/STN_a2_i4_s5_t20000/original_7.json,0,0.0,0,0,0,0,0.0002028942108154297,0.000269436956051007
dataset/dreamdata/STN_a3_i4_s5_t10000/original_8.json,0,0.03,0,0,0,0,0.00018525123596191406,0.000272811956741103
dataset/dreamdata/STN_a3_i4_s5_t10000/original_4.json,0,0.125,0,0,0,0,0.00018215179443359375,0.0003399669225491471
dataset/dreamdata/STN_a3_i4_s5_t10000/original_5.json,0,0.065,0,0,0,0,0.0002028942108154297,0.00033692978135305433
dataset/dreamdata/STN_a3_i4_s5_t10000/original_9.json,0,0.18,0,0,0,0,0.00019097328186035156,0.0002941078876131144
dataset/dreamdata/STN_a3_i4_s5_t10000/original_2.json,0,0.13,0,0,0,0,0.00015997886657714844,0.0003421761881766008
dataset/dreamdata/STN_a3_i4_s5_t10000/original_3.json,0,0.015,0,0,0,0,0.00020313262939453125,0.00032404080108182516
dataset/dreamdata/STN_a3_i4_s5_t10000/original_0.json,0,0.06,0,0,0,0,0.0002601146697998047,0.00027333551914847674
dataset/dreamdata/STN_a3_i4_s5_t10000/original_1.json,0,0.04,0,0,0,0,0.00018310546875,0.0002880635573037306
dataset/dreamdata/STN_a3_i4_s5_t10000/original_6.json,0,0.045,0,0,0,0,0.0001971721649169922,0.00037064504383796425
dataset/dreamdata/STN_a3_i4_s5_t10000/original_7.json,0,0.205,0,0,0,0,0.0001850128173828125,0.000297915396378867
dataset/dreamdata/STN_a4_i4_s5_t10000/original_8.json,0,0.555,0,0,0,0,0.0001659393310546875,0.00031459750841610393
dataset/dreamdata/STN_a4_i4_s5_t10000/original_4.json,0,0.235,0,0,0,0,0.00016069412231445312,0.00034943058263117347
dataset/dreamdata/STN_a4_i4_s5_t10000/original_5.json,0,0.02,0,0,0,0,0.00016021728515625,0.0003262572552091512
dataset/dreamdata/STN_a4_i4_s5_t10000/original_9.json,0,0.06,0,0,0,0,0.00016617774963378906,0.00030869934427079244
dataset/dreamdata/STN_a4_i4_s5_t10000/original_2.json,0,0.015,0,0,0,0,0.00018095970153808594,0.00027998368344714293
dataset/dreamdata/STN_a4_i4_s5_t10000/original_3.json,0,0.03,0,0,0,0,0.00018405914306640625,0.0002903950274290152
dataset/dreamdata/STN_a4_i4_s5_t10000/original_0.json,0,0.305,0,0,0,0,0.00019884109497070312,0.00034432435155513897
dataset/dreamdata/STN_a4_i4_s5_t10000/original_1.json,0,0.195,0,0,0,0,0.0001800060272216797,0.00027192058275692424
dataset/dreamdata/STN_a4_i4_s5_t10000/original_6.json,0,0.62,0,0,0,0,0.00017213821411132812,0.0003217320945394698
dataset/dreamdata/STN_a4_i4_s5_t10000/original_7.json,0,0.205,0,0,0,0,0.0001659393310546875,0.000357051590579239
dataset/dreamdata/STN_a2_i4_s1_t1000/original_8.json,0,0.0,0,0,0,0,0.00019216537475585938,0.0003413087758586634
dataset/dreamdata/STN_a2_i4_s1_t1000/original_4.json,0,0.0,0,0,0,0,0.00017571449279785156,0.0003000479846743483
dataset/dreamdata/STN_a2_i4_s1_t1000/original_5.json,0,0.0,0,0,0,0,0.0001819133758544922,0.0003239701141664131
dataset/dreamdata/STN_a2_i4_s1_t1000/original_9.json,0,0.0,0,0,0,0,0.00020384788513183594,0.00031382714084644413
dataset/dreamdata/STN_a2_i4_s1_t1000/original_2.json,0,0.0,0,0,0,0,0.0001983642578125,0.000310397028323993
dataset/dreamdata/STN_a2_i4_s1_t1000/original_3.json,0,0.975,0,0,0,0,0.00016117095947265625,0.000310010047414195
dataset/dreamdata/STN_a2_i4_s1_t1000/original_0.json,0,0.985,0,0,0,0,0.0001609325408935547,0.00033333672950016193
dataset/dreamdata/STN_a2_i4_s1_t1000/original_1.json,0,0.0,0,0,0,0,0.0002040863037109375,0.0002620699417650999
dataset/dreamdata/STN_a2_i4_s1_t1000/original_6.json,0,0.0,0,0,0,0,0.00019025802612304688,0.000306476899726906
dataset/dreamdata/STN_a2_i4_s1_t1000/original_7.json,0,0.81,0,0,0,0,0.00017213821411132812,0.00032482674373454184
dataset/dreamdata/STN_a3_i8_s3_t3000/original_8.json,0,0.255,0,0,0,0,0.00019288063049316406,0.00036118258183924994
dataset/dreamdata/STN_a3_i8_s3_t3000/original_4.json,0,0.0,0,0,0,0,0.00020313262939453125,0.00035824847580799503
dataset/dreamdata/STN_a3_i8_s3_t3000/original_5.json,0,0.03,0,0,0,0,0.0001800060272216797,0.0003160855278896926
dataset/dreamdata/STN_a3_i8_s3_t3000/original_9.json,0,0.0,0,0,0,0,0.00022292137145996094,0.000306986085134535
dataset/dreamdata/STN_a3_i8_s3_t3000/original_2.json,0,0.155,0,0,0,0,0.00022220611572265625,0.0004031514402609974
dataset/dreamdata/STN_a3_i8_s3_t3000/original_3.json,0,0.0,0,0,0,0,0.000225067138671875,0.00036869576228922934
dataset/dreamdata/STN_a3_i8_s3_t3000/original_0.json,0,0.015,0,0,0,0,0.00019598007202148438,0.00033420533990141134
dataset/dreamdata/STN_a3_i8_s3_t3000/original_1.json,0,0.07,0,0,0,0,0.00018286705017089844,0.0003386346539061273
dataset/dreamdata/STN_a3_i8_s3_t3000/original_6.json,0,0.0,0,0,0,0,0.00020694732666015625,0.00033681955768834405
dataset/dreamdata/STN_a3_i8_s3_t3000/original_7.json,0,0.0,0,0,0,0,0.00019288063049316406,0.0003447940002134697
dataset/dreamdata/STN_a4_i8_s1_t4000/original_8.json,0,0.0,0,0,0,0,0.0002181529998779297,0.00034558952753268294
dataset/dreamdata/STN_a4_i8_s1_t4000/original_4.json,0,0.0,0,0,0,0,0.0002951622009277344,0.00035718937016012683
dataset/dreamdata/STN_a4_i8_s1_t4000/original_5.json,0,0.0,0,0,0,0,0.00020003318786621094,0.00034090861603243265
dataset/dreamdata/STN_a4_i8_s1_t4000/original_9.json,0,0.0,0,0,0,0,0.00021409988403320312,0.0003079050150348913
dataset/dreamdata/STN_a4_i8_s1_t4000/original_2.json,0,0.0,0,0,0,0,0.00017881393432617188,0.00032099766946917205
dataset/dreamdata/STN_a4_i8_s1_t4000/original_3.json,0,0.235,0,0,0,0,0.0002009868621826172,0.0003920823485407997
dataset/dreamdata/STN_a4_i8_s1_t4000/original_0.json,0,0.0,0,0,0,0,0.00019812583923339844,0.000354714130037394
dataset/dreamdata/STN_a4_i8_s1_t4000/original_1.json,0,0.0,0,0,0,0,0.00021600723266601562,0.00038952563875284624
dataset/dreamdata/STN_a4_i8_s1_t4000/original_6.json,0,0.0,0,0,0,0,0.00020003318786621094,0.0003483487134003759
dataset/dreamdata/STN_a4_i8_s1_t4000/original_7.json,0,0.0,0,0,0,0,0.0002110004425048828,0.0003559194018493346
dataset/dreamdata/STN_a3_i4_s5_t20000/original_8.json,0,0.1,0,0,0,0,0.00019288063049316406,0.00037937547693300485
dataset/dreamdata/STN_a3_i4_s5_t20000/original_4.json,0,0.295,0,0,0,0,0.00017189979553222656,0.00033517578738418655
dataset/dreamdata/STN_a3_i4_s5_t20000/original_5.json,0,0.28,0,0,0,0,0.00018405914306640625,0.00029418216877846265
dataset/dreamdata/STN_a3_i4_s5_t20000/original_9.json,0,1.0,0,0,0,0,0.000164031982421875,0.0002913247400791801
dataset/dreamdata/STN_a3_i4_s5_t20000/original_2.json,0,0.995,0,0,0,0,0.00016307830810546875,0.00034932155704977527
dataset/dreamdata/STN_a3_i4_s5_t20000/original_3.json,0,0.01,0,0,0,0,0.0001881122589111328,0.00030911627726339216
dataset/dreamdata/STN_a3_i4_s5_t20000/original_0.json,0,1.0,0,0,0,0,0.0001590251922607422,0.0003436486325671325
dataset/dreamdata/STN_a3_i4_s5_t20000/original_1.json,0,0.235,0,0,0,0,0.00019216537475585938,0.0003453427223703969
dataset/dreamdata/STN_a3_i4_s5_t20000/original_6.json,0,0.065,0,0,0,0,0.0001690387725830078,0.0003273055781072109
dataset/dreamdata/STN_a3_i4_s5_t20000/original_7.json,0,0.0,0,0,0,0,0.00021004676818847656,0.000309113881096768
dataset/dreamdata/STN_a4_i4_s5_t20000/original_8.json,0,0.145,0,0,0,0,0.00016617774963378906,0.00027670213325538826
dataset/dreamdata/STN_a4_i4_s5_t20000/original_4.json,0,1.0,0,0,0,0,0.00014591217041015625,0.00028504558544063086
dataset/dreamdata/STN_a4_i4_s5_t20000/original_5.json,0,1.0,0,0,0,0,0.000141143798828125,0.00027595812351859393
dataset/dreamdata/STN_a4_i4_s5_t20000/original_9.json,0,0.995,0,0,0,0,0.00017595291137695312,0.0002832879972218269
dataset/dreamdata/STN_a4_i4_s5_t20000/original_2.json,0,0.11,0,0,0,0,0.00018095970153808594,0.0003094157980914092
dataset/dreamdata/STN_a4_i4_s5_t20000/original_3.json,0,0.195,0,0,0,0,0.00020313262939453125,0.0003069657177182298
dataset/dreamdata/STN_a4_i4_s5_t20000/original_0.json,0,0.38,0,0,0,0,0.0001919269561767578,0.00032318297343038435
dataset/dreamdata/STN_a4_i4_s5_t20000/original_1.json,0,0.16,0,0,0,0,0.00019884109497070312,0.0003286246678337979
dataset/dreamdata/STN_a4_i4_s5_t20000/original_6.json,0,0.06,0,0,0,0,0.0001914501190185547,0.00032707914036123
dataset/dreamdata/STN_a4_i4_s5_t20000/original_7.json,0,1.0,0,0,0,0,0.00013899803161621094,0.00033224886985280404
dataset/dreamdata/STN_a4_i8_s5_t5000/original_8.json,0,0.015,0,0,0,0,0.0002028942108154297,0.0003784745182823296
dataset/dreamdata/STN_a4_i8_s5_t5000/original_4.json,0,0.03,0,0,0,0,0.00020599365234375,0.0003679649314688678
dataset/dreamdata/STN_a4_i8_s5_t5000/original_5.json,0,0.0,0,0,0,0,0.00019598007202148438,0.0003652297072674162
dataset/dreamdata/STN_a4_i8_s5_t5000/original_9.json,0,0.02,0,0,0,0,0.00017714500427246094,0.00036706397281819253
dataset/dreamdata/STN_a4_i8_s5_t5000/original_2.json,0,0.18,0,0,0,0,0.0002009868621826172,0.00039665423445965175
dataset/dreamdata/STN_a4_i8_s5_t5000/original_3.json,0,0.25,0,0,0,0,0.0001811981201171875,0.0003895867410017617
dataset/dreamdata/STN_a4_i8_s5_t5000/original_0.json,0,0.005,0,0,0,0,0.00020885467529296875,0.00036826205613026066
dataset/dreamdata/STN_a4_i8_s5_t5000/original_1.json,0,0.0,0,0,0,0,0.0002238750457763672,0.0003580292265618866
dataset/dreamdata/STN_a4_i8_s5_t5000/original_6.json,0,0.0,0,0,0,0,0.00020599365234375,0.0003766019140655671
dataset/dreamdata/STN_a4_i8_s5_t5000/original_7.json,0,0.0,0,0,0,0,0.00021600723266601562,0.0003427297026667763
dataset/dreamdata/STN_a4_i4_s1_t4000/original_8.json,0,0.0,0,0,0,0,0.0001819133758544922,0.00031212346637668324
dataset/dreamdata/STN_a4_i4_s1_t4000/original_4.json,0,0.0,0,0,0,0,0.00015997886657714844,0.0002989601250269904
dataset/dreamdata/STN_a4_i4_s1_t4000/original_5.json,0,1.0,0,0,0,0,0.00017404556274414062,0.00030248488613109493
dataset/dreamdata/STN_a4_i4_s1_t4000/original_9.json,0,0.0,0,0,0,0,0.0001800060272216797,0.0003620020708247046
dataset/dreamdata/STN_a4_i4_s1_t4000/original_2.json,0,0.09,0,0,0,0,0.00016808509826660156,0.0003422888080079352
dataset/dreamdata/STN_a4_i4_s1_t4000/original_3.json,0,0.0,0,0,0,0,0.00017595291137695312,0.0003051602061669431
dataset/dreamdata/STN_a4_i4_s1_t4000/original_0.json,0,0.0,0,0,0,0,0.0001971721649169922,0.00030860469568913903
dataset/dreamdata/STN_a4_i4_s1_t4000/original_1.json,0,0.0,0,0,0,0,0.0001957416534423828,0.0003396614113045697
dataset/dreamdata/STN_a4_i4_s1_t4000/original_6.json,0,0.885,0,0,0,0,0.00019216537475585938,0.00033054279921641903
dataset/dreamdata/STN_a4_i4_s1_t4000/original_7.json,0,0.0,0,0,0,0,0.00014781951904296875,0.0002857740200943683
dataset/dreamdata/STN_a4_i4_s5_t5000/original_8.json,0,0.035,0,0,0,0,0.0001919269561767578,0.00031544095906779995
dataset/dreamdata/STN_a4_i4_s5_t5000/original_4.json,0,0.41,0,0,0,0,0.00018405914306640625,0.0003168918379587145
dataset/dreamdata/STN_a4_i4_s5_t5000/original_5.json,0,1.0,0,0,0,0,0.0001652240753173828,0.0003725943253866991
dataset/dreamdata/STN_a4_i4_s5_t5000/original_9.json,0,0.02,0,0,0,0,0.00020194053649902344,0.0003094816926735729
dataset/dreamdata/STN_a4_i4_s5_t5000/original_2.json,0,0.01,0,0,0,0,0.0001647472381591797,0.0003151414382397829
dataset/dreamdata/STN_a4_i4_s5_t5000/original_3.json,0,0.0,0,0,0,0,0.00017714500427246094,0.0003056034969924083
dataset/dreamdata/STN_a4_i4_s5_t5000/original_0.json,0,0.0,0,0,0,0,0.0001862049102783203,0.00029092338216963725
dataset/dreamdata/STN_a4_i4_s5_t5000/original_1.json,0,0.17,0,0,0,0,0.00017690658569335938,0.0003531793853146347
dataset/dreamdata/STN_a4_i4_s5_t5000/original_6.json,0,0.095,0,0,0,0,0.00019621849060058594,0.00037168378206952734
dataset/dreamdata/STN_a4_i4_s5_t5000/original_7.json,0,0.05,0,0,0,0,0.00017786026000976562,0.00027439342671303296
dataset/dreamdata/STN_a2_i8_s5_t20000/original_8.json,0,0.01,0,0,0,0,0.000225067138671875,0.0003222700339465884
dataset/dreamdata/STN_a2_i8_s5_t20000/original_4.json,0,0.0,0,0,0,0,0.00019693374633789062,0.000336167800366579
dataset/dreamdata/STN_a2_i8_s5_t20000/original_5.json,0,0.015,0,0,0,0,0.0002090930938720703,0.00033805118733315015
dataset/dreamdata/STN_a2_i8_s5_t20000/original_9.json,0,0.0,0,0,0,0,0.00018906593322753906,0.00030901444018186636
dataset/dreamdata/STN_a2_i8_s5_t20000/original_2.json,0,0.155,0,0,0,0,0.0002090930938720703,0.0003415280251047719
dataset/dreamdata/STN_a2_i8_s5_t20000/original_3.json,0,0.415,0,0,0,0,0.00021886825561523438,0.000362554387231568
dataset/dreamdata/STN_a2_i8_s5_t20000/original_0.json,0,0.035,0,0,0,0,0.0001881122589111328,0.00032371731858756676
dataset/dreamdata/STN_a2_i8_s5_t20000/original_1.json,0,0.425,0,0,0,0,0.00019788742065429688,0.00033298928533966217
dataset/dreamdata/STN_a2_i8_s5_t20000/original_6.json,0,0.265,0,0,0,0,0.0001919269561767578,0.0003197300973250039
dataset/dreamdata/STN_a2_i8_s5_t20000/original_7.json,0,1.0,0,0,0,0,0.0001659393310546875,0.0003610687639246035
dataset/dreamdata/STN_a2_i8_s1_t1000/original_8.json,0,0.0,0,0,0,0,0.00019812583923339844,0.00034263864833505907
dataset/dreamdata/STN_a2_i8_s1_t1000/original_4.json,0,0.0,0,0,0,0,0.00018906593322753906,0.0003670232379855822
dataset/dreamdata/STN_a2_i8_s1_t1000/original_5.json,0,1.0,0,0,0,0,0.000186920166015625,0.0003487237134770532
dataset/dreamdata/STN_a2_i8_s1_t1000/original_9.json,0,0.0,0,0,0,0,0.0002009868621826172,0.0003478994321583503
dataset/dreamdata/STN_a2_i8_s1_t1000/original_2.json,0,0.0,0,0,0,0,0.00019598007202148438,0.000360656623265252
dataset/dreamdata/STN_a2_i8_s1_t1000/original_3.json,0,0.0,0,0,0,0,0.00020885467529296875,0.00028475325311248627
dataset/dreamdata/STN_a2_i8_s1_t1000/original_0.json,0,0.0,0,0,0,0,0.00021696090698242188,0.00036263945114672485
dataset/dreamdata/STN_a2_i8_s1_t1000/original_1.json,0,0.0,0,0,0,0,0.0002079010009765625,0.0003900587858267166
dataset/dreamdata/STN_a2_i8_s1_t1000/original_6.json,0,0.0,0,0,0,0,0.00019502639770507812,0.0003606015114328969
dataset/dreamdata/STN_a2_i8_s1_t1000/original_7.json,0,0.0,0,0,0,0,0.00018310546875,0.0003270779422779179
dataset/dreamdata/STN_a3_i4_s3_t3000/original_8.json,0,0.055,0,0,0,0,0.0001819133758544922,0.0002787352806359679
dataset/dreamdata/STN_a3_i4_s3_t3000/original_4.json,0,0.095,0,0,0,0,0.00017690658569335938,0.0003649733174386336
dataset/dreamdata/STN_a3_i4_s3_t3000/original_5.json,0,0.0,0,0,0,0,0.0001671314239501953,0.00033989743371704717
dataset/dreamdata/STN_a3_i4_s3_t3000/original_9.json,0,0.0,0,0,0,0,0.0001919269561767578,0.00026443975055637074
dataset/dreamdata/STN_a3_i4_s3_t3000/original_2.json,0,0.03,0,0,0,0,0.0001850128173828125,0.0002542668251536
dataset/dreamdata/STN_a3_i4_s3_t3000/original_3.json,0,0.0,0,0,0,0,0.00017118453979492188,0.00032531316555924154
dataset/dreamdata/STN_a3_i4_s3_t3000/original_0.json,0,0.42,0,0,0,0,0.0001659393310546875,0.0002950531753463362
dataset/dreamdata/STN_a3_i4_s3_t3000/original_1.json,0,0.015,0,0,0,0,0.00019931793212890625,0.00031825046443459973
dataset/dreamdata/STN_a3_i4_s3_t3000/original_6.json,0,0.0,0,0,0,0,0.00019788742065429688,0.000322631855106833
dataset/dreamdata/STN_a3_i4_s3_t3000/original_7.json,0,0.0,0,0,0,0,0.00020694732666015625,0.00034005558071424017
dataset/dreamdata/STN_a2_i8_s5_t10000/original_8.json,0,0.005,0,0,0,0,0.00018787384033203125,0.00032782195201471224
dataset/dreamdata/STN_a2_i8_s5_t10000/original_4.json,0,0.705,0,0,0,0,0.00019311904907226562,0.00033147011569995975
dataset/dreamdata/STN_a2_i8_s5_t10000/original_5.json,0,0.005,0,0,0,0,0.0001919269561767578,0.00031626524038650284
dataset/dreamdata/STN_a2_i8_s5_t10000/original_9.json,0,0.62,0,0,0,0,0.0001919269561767578,0.0003729214021308937
dataset/dreamdata/STN_a2_i8_s5_t10000/original_2.json,0,0.14,0,0,0,0,0.00020694732666015625,0.00032663584953576474
dataset/dreamdata/STN_a2_i8_s5_t10000/original_3.json,0,0.005,0,0,0,0,0.0002079010009765625,0.00037256197713727326
dataset/dreamdata/STN_a2_i8_s5_t10000/original_0.json,0,0.46,0,0,0,0,0.00022292137145996094,0.0003500164453707748
dataset/dreamdata/STN_a2_i8_s5_t10000/original_1.json,0,0.04,0,0,0,0,0.00019669532775878906,0.00034018976604519176
dataset/dreamdata/STN_a2_i8_s5_t10000/original_6.json,0,0.685,0,0,0,0,0.0001819133758544922,0.00041365503665789885
dataset/dreamdata/STN_a2_i8_s5_t10000/original_7.json,0,0.08,0,0,0,0,0.00019097328186035156,0.00032162546512469573
dataset/dreamdata/STN_a3_i8_s5_t20000/original_8.json,0,0.16,0,0,0,0,0.00020694732666015625,0.00036982795101913376
dataset/dreamdata/STN_a3_i8_s5_t20000/original_4.json,0,0.02,0,0,0,0,0.00021886825561523438,0.00029372210478662843
dataset/dreamdata/STN_a3_i8_s5_t20000/original_5.json,0,0.4,0,0,0,0,0.00021195411682128906,0.00035631476934231706
dataset/dreamdata/STN_a3_i8_s5_t20000/original_9.json,0,0.1,0,0,0,0,0.00022292137145996094,0.00035475366678669224
dataset/dreamdata/STN_a3_i8_s5_t20000/original_2.json,0,0.17,0,0,0,0,0.00022077560424804688,0.00034770294649517117
dataset/dreamdata/STN_a3_i8_s5_t20000/original_3.json,0,0.995,0,0,0,0,0.00019502639770507812,0.00040240383627426687
dataset/dreamdata/STN_a3_i8_s5_t20000/original_0.json,0,0.175,0,0,0,0,0.00021076202392578125,0.0003366158835252925
dataset/dreamdata/STN_a3_i8_s5_t20000/original_1.json,0,0.985,0,0,0,0,0.00020623207092285156,0.00036062187884920206
dataset/dreamdata/STN_a3_i8_s5_t20000/original_6.json,0,0.0,0,0,0,0,0.00021791458129882812,0.0003261638047108099
dataset/dreamdata/STN_a3_i8_s5_t20000/original_7.json,0,0.085,0,0,0,0,0.000247955322265625,0.00033726045234718513
dataset/dreamdata/STN_a4_i8_s5_t20000/original_8.json,0,0.15,0,0,0,0,0.00023293495178222656,0.00033254958876413317
dataset/dreamdata/STN_a4_i8_s5_t20000/original_4.json,0,0.0,0,0,0,0,0.0002200603485107422,0.0003414261880232461
dataset/dreamdata/STN_a4_i8_s5_t20000/original_5.json,0,0.02,0,0,0,0,0.00019311904907226562,0.0003435911245681533
dataset/dreamdata/STN_a4_i8_s5_t20000/original_9.json,0,0.475,0,0,0,0,0.0002040863037109375,0.00034624727527100835
dataset/dreamdata/STN_a4_i8_s5_t20000/original_2.json,0,0.115,0,0,0,0,0.00018978118896484375,0.00039380998467680197
dataset/dreamdata/STN_a4_i8_s5_t20000/original_3.json,0,0.11,0,0,0,0,0.00021004676818847656,0.0003990180528343622
dataset/dreamdata/STN_a4_i8_s5_t20000/original_0.json,0,0.025,0,0,0,0,0.00020122528076171875,0.00038296852878589725
dataset/dreamdata/STN_a4_i8_s5_t20000/original_1.json,0,0.18,0,0,0,0,0.0002219676971435547,0.00037222890997651835
dataset/dreamdata/STN_a4_i8_s5_t20000/original_6.json,0,0.345,0,0,0,0,0.00021696090698242188,0.00038962268350112376
dataset/dreamdata/STN_a4_i8_s5_t20000/original_7.json,0,1.0,0,0,0,0,0.00018095970153808594,0.0003840731615996241
dataset/dreamdata/STN_a4_i4_s1_t1000/original_8.json,0,0.015,0,0,0,0,0.0003399848937988281,0.0003327460744273123
dataset/dreamdata/STN_a4_i4_s1_t1000/original_4.json,0,0.0,0,0,0,0,0.00018596649169921875,0.00030220932696931925
dataset/dreamdata/STN_a4_i4_s1_t1000/original_5.json,0,1.0,0,0,0,0,0.00015473365783691406,0.00030673209147237654
dataset/dreamdata/STN_a4_i4_s1_t1000/original_9.json,0,0.405,0,0,0,0,0.00015687942504882812,0.0002959241819142097
dataset/dreamdata/STN_a4_i4_s1_t1000/original_2.json,0,0.03,0,0,0,0,0.000164031982421875,0.0002765955038406142
dataset/dreamdata/STN_a4_i4_s1_t1000/original_3.json,0,0.0,0,0,0,0,0.00015091896057128906,0.0003105779389041153
dataset/dreamdata/STN_a4_i4_s1_t1000/original_0.json,0,0.0,0,0,0,0,0.0001919269561767578,0.00034805039065567093
dataset/dreamdata/STN_a4_i4_s1_t1000/original_1.json,0,0.225,0,0,0,0,0.00014519691467285156,0.00032371731858756676
dataset/dreamdata/STN_a4_i4_s1_t1000/original_6.json,0,0.0,0,0,0,0,0.00016808509826660156,0.00035397611071716004
dataset/dreamdata/STN_a4_i4_s1_t1000/original_7.json,0,0.0,0,0,0,0,0.00019097328186035156,0.0003569401688312166
dataset/dreamdata/STN_a2_i8_s5_t5000/original_8.json,0,0.095,0,0,0,0,0.0002079010009765625,0.00038192619630439796
dataset/dreamdata/STN_a2_i8_s5_t5000/original_4.json,0,0.0,0,0,0,0,0.00019216537475585938,0.0003180455921882361
dataset/dreamdata/STN_a2_i8_s5_t5000/original_5.json,0,0.005,0,0,0,0,0.00021767616271972656,0.0003380811394159518
dataset/dreamdata/STN_a2_i8_s5_t5000/original_9.json,0,0.01,0,0,0,0,0.00020694732666015625,0.00037162267982061186
dataset/dreamdata/STN_a2_i8_s5_t5000/original_2.json,0,0.43,0,0,0,0,0.00015616416931152344,0.0003565987150872772
dataset/dreamdata/STN_a2_i8_s5_t5000/original_3.json,0,0.085,0,0,0,0,0.00020599365234375,0.0003326478315957228
dataset/dreamdata/STN_a2_i8_s5_t5000/original_0.json,0,0.04,0,0,0,0,0.0002071857452392578,0.00035015182878503847
dataset/dreamdata/STN_a2_i8_s5_t5000/original_1.json,0,0.91,0,0,0,0,0.0001838207244873047,0.00034453281805143886
dataset/dreamdata/STN_a2_i8_s5_t5000/original_6.json,0,0.015,0,0,0,0,0.00020599365234375,0.0003050152380861829
dataset/dreamdata/STN_a2_i8_s5_t5000/original_7.json,0,0.0,0,0,0,0,0.00023126602172851562,0.0003395104528072491
dataset/dreamdata/STN_a3_i8_s5_t10000/original_8.json,0,0.0,0,0,0,0,0.00021719932556152344,0.0003286007061675565
dataset/dreamdata/STN_a3_i8_s5_t10000/original_4.json,0,0.14,0,0,0,0,0.00019097328186035156,0.00037525287225617833
dataset/dreamdata/STN_a3_i8_s5_t10000/original_5.json,0,0.12,0,0,0,0,0.00019621849060058594,0.00037637547631958623
dataset/dreamdata/STN_a3_i8_s5_t10000/original_9.json,0,0.08,0,0,0,0,0.0002110004425048828,0.00036547411626307807
dataset/dreamdata/STN_a3_i8_s5_t10000/original_2.json,0,0.0,0,0,0,0,0.00023484230041503906,0.0002916590053232471
dataset/dreamdata/STN_a3_i8_s5_t10000/original_3.json,0,0.0,0,0,0,0,0.0002300739288330078,0.0003535699604743689
dataset/dreamdata/STN_a3_i8_s5_t10000/original_0.json,0,0.0,0,0,0,0,0.0002868175506591797,0.0003885132583541487
dataset/dreamdata/STN_a3_i8_s5_t10000/original_1.json,0,0.0,0,0,0,0,0.00021195411682128906,0.0003168570935426645
dataset/dreamdata/STN_a3_i8_s5_t10000/original_6.json,0,0.195,0,0,0,0,0.00018787384033203125,0.00038663705988744993
dataset/dreamdata/STN_a3_i8_s5_t10000/original_7.json,0,0.35,0,0,0,0,0.00019097328186035156,0.0002922592450625932
dataset/dreamdata/STN_a3_i4_s1_t2000/original_8.json,0,0.0,0,0,0,0,0.00015997886657714844,0.00033414064340255966
dataset/dreamdata/STN_a3_i4_s1_t2000/original_4.json,0,0.065,0,0,0,0,0.0001609325408935547,0.0002875292121465482
dataset/dreamdata/STN_a3_i4_s1_t2000/original_5.json,0,1.0,0,0,0,0,0.00016999244689941406,0.0003125907188683898
dataset/dreamdata/STN_a3_i4_s1_t2000/original_9.json,0,0.0,0,0,0,0,0.00019812583923339844,0.00027817697381254415
dataset/dreamdata/STN_a3_i4_s1_t2000/original_2.json,0,0.0,0,0,0,0,0.0002079010009765625,0.0002952999805086222
dataset/dreamdata/STN_a3_i4_s1_t2000/original_3.json,0,0.0,0,0,0,0,0.00019979476928710938,0.00029136307874516625
dataset/dreamdata/STN_a3_i4_s1_t2000/original_0.json,0,0.0,0,0,0,0,0.0001919269561767578,0.00030776843353731546
dataset/dreamdata/STN_a3_i4_s1_t2000/original_1.json,0,0.015,0,0,0,0,0.0001819133758544922,0.0003166534193796129
dataset/dreamdata/STN_a3_i4_s1_t2000/original_6.json,0,0.375,0,0,0,0,0.00018310546875,0.00031812706185345674
dataset/dreamdata/STN_a3_i4_s1_t2000/original_7.json,0,0.005,0,0,0,0,0.00019288063049316406,0.0003103982264073051
dataset/dreamdata/STN_a4_i8_s5_t10000/original_8.json,0,0.015,0,0,0,0,0.00021195411682128906,0.00036834232771216927
dataset/dreamdata/STN_a4_i8_s5_t10000/original_4.json,0,0.035,0,0,0,0,0.00022721290588378906,0.00035364903397296543
dataset/dreamdata/STN_a4_i8_s5_t10000/original_5.json,0,0.0,0,0,0,0,0.00018787384033203125,0.00031227682104062796
dataset/dreamdata/STN_a4_i8_s5_t10000/original_9.json,0,0.0,0,0,0,0,0.00021982192993164062,0.0003369082158534371
dataset/dreamdata/STN_a4_i8_s5_t10000/original_2.json,0,0.0,0,0,0,0,0.00021982192993164062,0.0004101734065530288
dataset/dreamdata/STN_a4_i8_s5_t10000/original_3.json,0,0.815,0,0,0,0,0.00019288063049316406,0.0004225963324158635
dataset/dreamdata/STN_a4_i8_s5_t10000/original_0.json,0,0.005,0,0,0,0,0.0002219676971435547,0.00037637308015296206
dataset/dreamdata/STN_a4_i8_s5_t10000/original_1.json,0,0.005,0,0,0,0,0.00021719932556152344,0.00034292499024664335
dataset/dreamdata/STN_a4_i8_s5_t10000/original_6.json,0,0.175,0,0,0,0,0.0002079010009765625,0.00037787907087623177
dataset/dreamdata/STN_a4_i8_s5_t10000/original_7.json,0,0.0,0,0,0,0,0.00023818016052246094,0.0002954245811730773
dataset/dreamdata/STN_a3_i4_s3_t6000/original_8.json,0,1.0,0,0,0,0,0.00016808509826660156,0.0003147532592466728
dataset/dreamdata/STN_a3_i4_s3_t6000/original_4.json,0,0.355,0,0,0,0,0.0001819133758544922,0.0003380416026666536
dataset/dreamdata/STN_a3_i4_s3_t6000/original_5.json,0,0.01,0,0,0,0,0.0001862049102783203,0.00031966180657621603
dataset/dreamdata/STN_a3_i4_s3_t6000/original_9.json,0,0.0,0,0,0,0,0.00018930435180664062,0.00035660470550383754
dataset/dreamdata/STN_a3_i4_s3_t6000/original_2.json,0,0.33,0,0,0,0,0.00017213821411132812,0.0003568371336663788
dataset/dreamdata/STN_a3_i4_s3_t6000/original_3.json,0,0.0,0,0,0,0,0.00021195411682128906,0.00032280677527039495
dataset/dreamdata/STN_a3_i4_s3_t6000/original_0.json,0,0.005,0,0,0,0,0.00015497207641601562,0.00029428280777667637
dataset/dreamdata/STN_a3_i4_s3_t6000/original_1.json,0,0.31,0,0,0,0,0.0001819133758544922,0.0002911090850830078
dataset/dreamdata/STN_a3_i4_s3_t6000/original_6.json,0,0.01,0,0,0,0,0.00018310546875,0.00031516180565608807
dataset/dreamdata/STN_a3_i4_s3_t6000/original_7.json,0,0.6,0,0,0,0,0.0001766681671142578,0.0003405396063723157
dataset/dreamdata/STN_a2_i8_s1_t4000/original_8.json,0,0.0,0,0,0,0,0.00021576881408691406,0.0003215032606268648
dataset/dreamdata/STN_a2_i8_s1_t4000/original_4.json,0,0.0,0,0,0,0,0.0002071857452392578,0.0003264201945395925
dataset/dreamdata/STN_a2_i8_s1_t4000/original_5.json,0,0.015,0,0,0,0,0.0002110004425048828,0.0003598802652790319
dataset/dreamdata/STN_a2_i8_s1_t4000/original_9.json,0,0.0,0,0,0,0,0.0002028942108154297,0.0003275344120198159
dataset/dreamdata/STN_a2_i8_s1_t4000/original_2.json,0,0.0,0,0,0,0,0.0001857280731201172,0.0003440979138091581
dataset/dreamdata/STN_a2_i8_s1_t4000/original_3.json,0,0.45,0,0,0,0,0.00017189979553222656,0.00032734032252326083
dataset/dreamdata/STN_a2_i8_s1_t4000/original_0.json,0,0.0,0,0,0,0,0.00022077560424804688,0.00035060111002706404
dataset/dreamdata/STN_a2_i8_s1_t4000/original_1.json,0,0.0,0,0,0,0,0.00019407272338867188,0.0003333091735839844
dataset/dreamdata/STN_a2_i8_s1_t4000/original_6.json,0,0.005,0,0,0,0,0.00023865699768066406,0.00030122809673673544
dataset/dreamdata/STN_a2_i8_s1_t4000/original_7.json,0,0.0,0,0,0,0,0.00019407272338867188,0.0003483990328994828
dataset/dreamdata/STN_a2_i4_s3_t12000/original_8.json,0,0.015,0,0,0,0,0.0001971721649169922,0.00029642977307190246
dataset/dreamdata/STN_a2_i4_s3_t12000/original_4.json,0,0.505,0,0,0,0,0.00019598007202148438,0.00026404677923001237
dataset/dreamdata/STN_a2_i4_s3_t12000/original_5.json,0,0.08,0,0,0,0,0.00016999244689941406,0.0003067081298061352
dataset/dreamdata/STN_a2_i4_s3_t12000/original_9.json,0,0.995,0,0,0,0,0.00015997886657714844,0.0003416753893521563
dataset/dreamdata/STN_a2_i4_s3_t12000/original_2.json,0,0.06,0,0,0,0,0.0002028942108154297,0.00031907834000323887
dataset/dreamdata/STN_a2_i4_s3_t12000/original_3.json,0,1.0,0,0,0,0,0.00015997886657714844,0.00034290342474702616
dataset/dreamdata/STN_a2_i4_s3_t12000/original_0.json,0,0.84,0,0,0,0,0.00017786026000976562,0.00034756396883097124
dataset/dreamdata/STN_a2_i4_s3_t12000/original_1.json,0,0.135,0,0,0,0,0.00019311904907226562,0.0002992967864376816
dataset/dreamdata/STN_a2_i4_s3_t12000/original_6.json,0,1.0,0,0,0,0,0.00018978118896484375,0.00032516100897860884
dataset/dreamdata/STN_a2_i4_s3_t12000/original_7.json,0,0.195,0,0,0,0,0.0002129077911376953,0.0002947189101022692
dataset/dreamdata/STN_a4_i4_s1_t2000/original_8.json,0,0.01,0,0,0,0,0.0001399517059326172,0.00033834831199454303
dataset/dreamdata/STN_a4_i4_s1_t2000/original_4.json,0,0.0,0,0,0,0,0.0001800060272216797,0.0002881102825529012
dataset/dreamdata/STN_a4_i4_s1_t2000/original_5.json,0,0.0,0,0,0,0,0.00016617774963378906,0.00033508233688584523
dataset/dreamdata/STN_a4_i4_s1_t2000/original_9.json,0,0.495,0,0,0,0,0.00016689300537109375,0.00034825885715197076
dataset/dreamdata/STN_a4_i4_s1_t2000/original_2.json,0,0.0,0,0,0,0,0.00017595291137695312,0.00030580477498883576
dataset/dreamdata/STN_a4_i4_s1_t2000/original_3.json,0,0.0,0,0,0,0,0.00017380714416503906,0.0003503950396973883
dataset/dreamdata/STN_a4_i4_s1_t2000/original_0.json,0,0.0,0,0,0,0,0.00017786026000976562,0.00028928320611541596
dataset/dreamdata/STN_a4_i4_s1_t2000/original_1.json,0,0.0,0,0,0,0,0.00017690658569335938,0.0003459813007757292
dataset/dreamdata/STN_a4_i4_s1_t2000/original_6.json,0,0.0,0,0,0,0,0.00015997886657714844,0.0003688970402856568
dataset/dreamdata/STN_a4_i4_s1_t2000/original_7.json,0,0.0,0,0,0,0,0.00019407272338867188,0.0002847748186121035
dataset/dreamdata/STN_a4_i4_s3_t6000/original_8.json,0,0.0,0,0,0,0,0.00019097328186035156,0.0002656893514508578
dataset/dreamdata/STN_a4_i4_s3_t6000/original_4.json,0,0.46,0,0,0,0,0.0001678466796875,0.0002873578862329224
dataset/dreamdata/STN_a4_i4_s3_t6000/original_5.json,0,0.285,0,0,0,0,0.0001709461212158203,0.0003181618062695067
dataset/dreamdata/STN_a4_i4_s3_t6000/original_9.json,0,0.035,0,0,0,0,0.0001552104949951172,0.0002868546912418538
dataset/dreamdata/STN_a4_i4_s3_t6000/original_2.json,0,0.0,0,0,0,0,0.00018215179443359375,0.00032453800565633345
dataset/dreamdata/STN_a4_i4_s3_t6000/original_3.json,0,0.515,0,0,0,0,0.00017309188842773438,0.000337486890093166
dataset/dreamdata/STN_a4_i4_s3_t6000/original_0.json,0,0.025,0,0,0,0,0.00016617774963378906,0.000334006458071608
dataset/dreamdata/STN_a4_i4_s3_t6000/original_1.json,0,0.44,0,0,0,0,0.00015592575073242188,0.000325339523392107
dataset/dreamdata/STN_a4_i4_s3_t6000/original_6.json,0,0.0,0,0,0,0,0.0001780986785888672,0.00031935270108170247
dataset/dreamdata/STN_a4_i4_s3_t6000/original_7.json,0,0.895,0,0,0,0,0.0001552104949951172,0.0002959241819142097
dataset/dreamdata/STN_a2_i8_s3_t3000/original_8.json,0,0.0,0,0,0,0,0.00019788742065429688,0.00032454519415620585
dataset/dreamdata/STN_a2_i8_s3_t3000/original_4.json,0,0.0,0,0,0,0,0.00015997886657714844,0.0003385220340747929
dataset/dreamdata/STN_a2_i8_s3_t3000/original_5.json,0,0.04,0,0,0,0,0.00017786026000976562,0.00034382475081400657
dataset/dreamdata/STN_a2_i8_s3_t3000/original_9.json,0,0.01,0,0,0,0,0.0002009868621826172,0.0003781989591205539
dataset/dreamdata/STN_a2_i8_s3_t3000/original_2.json,0,0.0,0,0,0,0,0.00021600723266601562,0.00030224646755199337
dataset/dreamdata/STN_a2_i8_s3_t3000/original_3.json,0,0.0,0,0,0,0,0.0002009868621826172,0.00039876645533882795
dataset/dreamdata/STN_a2_i8_s3_t3000/original_0.json,0,0.12,0,0,0,0,0.0001919269561767578,0.0003427896068323797
dataset/dreamdata/STN_a2_i8_s3_t3000/original_1.json,0,0.0,0,0,0,0,0.00020194053649902344,0.0003141853677567525
dataset/dreamdata/STN_a2_i8_s3_t3000/original_6.json,0,0.0,0,0,0,0,0.0002040863037109375,0.000371221321911069
dataset/dreamdata/STN_a2_i8_s3_t3000/original_7.json,0,0.0,0,0,0,0,0.00022482872009277344,0.000357667405401642
dataset/dreamdata/STN_a3_i4_s1_t1000/original_8.json,0,0.0,0,0,0,0,0.00018405914306640625,0.00031071212423506694
dataset/dreamdata/STN_a3_i4_s1_t1000/original_4.json,0,0.0,0,0,0,0,0.00017690658569335938,0.00028028919469172035
dataset/dreamdata/STN_a3_i4_s1_t1000/original_5.json,0,0.0,0,0,0,0,0.00019311904907226562,0.00030537586116311536
dataset/dreamdata/STN_a3_i4_s1_t1000/original_9.json,0,0.0,0,0,0,0,0.00018715858459472656,0.0002726921484098962
dataset/dreamdata/STN_a3_i4_s1_t1000/original_2.json,0,0.0,0,0,0,0,0.00016117095947265625,0.00031287107036341377
dataset/dreamdata/STN_a3_i4_s1_t1000/original_3.json,0,0.055,0,0,0,0,0.00014472007751464844,0.00031871771692630634
dataset/dreamdata/STN_a3_i4_s1_t1000/original_0.json,0,0.0,0,0,0,0,0.0001678466796875,0.00033268257601177273
dataset/dreamdata/STN_a3_i4_s1_t1000/original_1.json,0,0.98,0,0,0,0,0.00015306472778320312,0.00032930278298842845
dataset/dreamdata/STN_a3_i4_s1_t1000/original_6.json,0,0.0,0,0,0,0,0.00021791458129882812,0.0003127907987815052
dataset/dreamdata/STN_a3_i4_s1_t1000/original_7.json,0,0.0,0,0,0,0,0.00016808509826660156,0.0003162352883037011
dataset/dreamdata/STN_a4_i4_s3_t12000/original_8.json,0,0.23,0,0,0,0,0.0001881122589111328,0.00030613784214959073
dataset/dreamdata/STN_a4_i4_s3_t12000/original_4.json,0,0.76,0,0,0,0,0.0001919269561767578,0.0003364421614450426
dataset/dreamdata/STN_a4_i4_s3_t12000/original_5.json,0,0.015,0,0,0,0,0.00017309188842773438,0.0003300384061420383
dataset/dreamdata/STN_a4_i4_s3_t12000/original_9.json,0,0.78,0,0,0,0,0.00016808509826660156,0.0003293914411535215
dataset/dreamdata/STN_a4_i4_s3_t12000/original_2.json,0,0.56,0,0,0,0,0.00019311904907226562,0.00038282595687176113
dataset/dreamdata/STN_a4_i4_s3_t12000/original_3.json,0,0.02,0,0,0,0,0.0001857280731201172,0.00035481357095229563
dataset/dreamdata/STN_a4_i4_s3_t12000/original_0.json,0,0.085,0,0,0,0,0.0001819133758544922,0.0003014197900666663
dataset/dreamdata/STN_a4_i4_s3_t12000/original_1.json,0,0.0,0,0,0,0,0.00018310546875,0.00033648529244427705
dataset/dreamdata/STN_a4_i4_s3_t12000/original_6.json,0,0.01,0,0,0,0,0.00018715858459472656,0.00031927722183304214
dataset/dreamdata/STN_a4_i4_s3_t12000/original_7.json,0,1.0,0,0,0,0,0.00016379356384277344,0.00029665261656794715
dataset/dreamdata/STN_a3_i4_s3_t12000/original_8.json,0,0.0,0,0,0,0,0.0001838207244873047,0.00035742060023935594
dataset/dreamdata/STN_a3_i4_s3_t12000/original_4.json,0,0.175,0,0,0,0,0.00018286705017089844,0.00032075206239019804
dataset/dreamdata/STN_a3_i4_s3_t12000/original_5.json,0,0.505,0,0,0,0,0.00016999244689941406,0.0003207077333076515
dataset/dreamdata/STN_a3_i4_s3_t12000/original_9.json,0,1.0,0,0,0,0,0.00018310546875,0.0003179365666068379
dataset/dreamdata/STN_a3_i4_s3_t12000/original_2.json,0,0.495,0,0,0,0,0.00016999244689941406,0.0003280675590936862
dataset/dreamdata/STN_a3_i4_s3_t12000/original_3.json,0,1.0,0,0,0,0,0.00014591217041015625,0.0003311274638727083
dataset/dreamdata/STN_a3_i4_s3_t12000/original_0.json,0,0.45,0,0,0,0,0.00019598007202148438,0.00032508672781326065
dataset/dreamdata/STN_a3_i4_s3_t12000/original_1.json,0,0.94,0,0,0,0,0.00018787384033203125,0.0003327951958431071
dataset/dreamdata/STN_a3_i4_s3_t12000/original_6.json,0,0.095,0,0,0,0,0.000186920166015625,0.0003091558140126904
dataset/dreamdata/STN_a3_i4_s3_t12000/original_7.json,0,0.64,0,0,0,0,0.00016188621520996094,0.0003156038983982412
dataset/dreamdata/STN_a4_i4_s3_t3000/original_8.json,0,0.035,0,0,0,0,0.00017881393432617188,0.00026858152456619034
dataset/dreamdata/STN_a4_i4_s3_t3000/original_4.json,0,1.0,0,0,0,0,0.0001742839813232422,0.0002830136361433633
dataset/dreamdata/STN_a4_i4_s3_t3000/original_5.json,0,0.0,0,0,0,0,0.0002009868621826172,0.00030628041406372686
dataset/dreamdata/STN_a4_i4_s3_t3000/original_9.json,0,0.965,0,0,0,0,0.0001552104949951172,0.00030841300235920816
dataset/dreamdata/STN_a4_i4_s3_t3000/original_2.json,0,0.07,0,0,0,0,0.00017786026000976562,0.0003159645214751737
dataset/dreamdata/STN_a4_i4_s3_t3000/original_3.json,0,0.025,0,0,0,0,0.00019097328186035156,0.0003162400806369494
dataset/dreamdata/STN_a4_i4_s3_t3000/original_0.json,0,0.525,0,0,0,0,0.00017881393432617188,0.0003739565461125206
dataset/dreamdata/STN_a4_i4_s3_t3000/original_1.json,0,1.0,0,0,0,0,0.00015306472778320312,0.0002972109233913709
dataset/dreamdata/STN_a4_i4_s3_t3000/original_6.json,0,0.0,0,0,0,0,0.000186920166015625,0.00030007554059052586
dataset/dreamdata/STN_a4_i4_s3_t3000/original_7.json,0,0.0,0,0,0,0,0.000186920166015625,0.00024959789448647046
dataset/dreamdata/STN_a3_i4_s1_t4000/original_8.json,0,0.0,0,0,0,0,0.00018405914306640625,0.000320856295638348
dataset/dreamdata/STN_a3_i4_s1_t4000/original_4.json,0,0.03,0,0,0,0,0.00015497207641601562,0.00032111627971706676
dataset/dreamdata/STN_a3_i4_s1_t4000/original_5.json,0,0.0,0,0,0,0,0.00018477439880371094,0.00031599327547466335
dataset/dreamdata/STN_a3_i4_s1_t4000/original_9.json,0,0.0,0,0,0,0,0.00019693374633789062,0.00029958073218264175
dataset/dreamdata/STN_a3_i4_s1_t4000/original_2.json,0,0.0,0,0,0,0,0.0001709461212158203,0.0003484876910645758
dataset/dreamdata/STN_a3_i4_s1_t4000/original_3.json,0,0.0,0,0,0,0,0.0001659393310546875,0.00033226803918579717
dataset/dreamdata/STN_a3_i4_s1_t4000/original_0.json,0,0.0,0,0,0,0,0.000164031982421875,0.00032624048204278226
dataset/dreamdata/STN_a3_i4_s1_t4000/original_1.json,0,0.005,0,0,0,0,0.00019288063049316406,0.0003303355308034312
dataset/dreamdata/STN_a3_i4_s1_t4000/original_6.json,0,0.005,0,0,0,0,0.00018095970153808594,0.00030630557381328025
dataset/dreamdata/STN_a3_i4_s1_t4000/original_7.json,0,0.18,0,0,0,0,0.00015592575073242188,0.00031074207631786866
dataset/dreamdata/STN_a2_i8_s3_t6000/original_8.json,0,0.0,0,0,0,0,0.000209808349609375,0.0002939353636161766
dataset/dreamdata/STN_a2_i8_s3_t6000/original_4.json,0,0.73,0,0,0,0,0.00018215179443359375,0.0003919134187937981
dataset/dreamdata/STN_a2_i8_s3_t6000/original_5.json,0,0.28,0,0,0,0,0.00021004676818847656,0.0003118455110482834
dataset/dreamdata/STN_a2_i8_s3_t6000/original_9.json,0,0.0,0,0,0,0,0.000186920166015625,0.0003145891218329195
dataset/dreamdata/STN_a2_i8_s3_t6000/original_2.json,0,0.01,0,0,0,0,0.00018787384033203125,0.0003017001415616903
dataset/dreamdata/STN_a2_i8_s3_t6000/original_3.json,0,0.105,0,0,0,0,0.0001690387725830078,0.0003511294647676861
dataset/dreamdata/STN_a2_i8_s3_t6000/original_0.json,0,0.01,0,0,0,0,0.0002219676971435547,0.00034539663611944
dataset/dreamdata/STN_a2_i8_s3_t6000/original_1.json,0,0.425,0,0,0,0,0.00018024444580078125,0.00038045734616380244
dataset/dreamdata/STN_a2_i8_s3_t6000/original_6.json,0,0.795,0,0,0,0,0.00019502639770507812,0.00034363305748407564
dataset/dreamdata/STN_a2_i8_s3_t6000/original_7.json,0,0.055,0,0,0,0,0.00019693374633789062,0.00035621053609416714
dataset/dreamdata/STN_a2_i8_s1_t2000/original_8.json,0,0.0,0,0,0,0,0.00020885467529296875,0.000324460130241049
dataset/dreamdata/STN_a2_i8_s1_t2000/original_4.json,0,0.0,0,0,0,0,0.00018215179443359375,0.0003261578142942496
dataset/dreamdata/STN_a2_i8_s1_t2000/original_5.json,0,0.0,0,0,0,0,0.0002300739288330078,0.0002726226595777962
dataset/dreamdata/STN_a2_i8_s1_t2000/original_9.json,0,0.185,0,0,0,0,0.00018405914306640625,0.00030852442410723047
dataset/dreamdata/STN_a2_i8_s1_t2000/original_2.json,0,0.0,0,0,0,0,0.00020599365234375,0.00035998210236055765
dataset/dreamdata/STN_a2_i8_s1_t2000/original_3.json,0,0.0,0,0,0,0,0.0002090930938720703,0.0003401250695463401
dataset/dreamdata/STN_a2_i8_s1_t2000/original_0.json,0,0.0,0,0,0,0,0.0002028942108154297,0.00033411907790294247
dataset/dreamdata/STN_a2_i8_s1_t2000/original_1.json,0,0.06,0,0,0,0,0.00017189979553222656,0.0003601390512744386
dataset/dreamdata/STN_a2_i8_s1_t2000/original_6.json,0,0.0,0,0,0,0,0.00021791458129882812,0.00033588265653830676
dataset/dreamdata/STN_a2_i8_s1_t2000/original_7.json,0,0.0,0,0,0,0,0.00021195411682128906,0.0003444597349694027
dataset/dreamdata/STN_a3_i4_s5_t5000/original_8.json,0,0.01,0,0,0,0,0.00019288063049316406,0.00033459232081120934
dataset/dreamdata/STN_a3_i4_s5_t5000/original_4.json,0,0.035,0,0,0,0,0.0001728534698486328,0.00034635630085240655
dataset/dreamdata/STN_a3_i4_s5_t5000/original_5.json,0,0.04,0,0,0,0,0.0001761913299560547,0.00035818497739245543
dataset/dreamdata/STN_a3_i4_s5_t5000/original_9.json,0,0.005,0,0,0,0,0.00016999244689941406,0.00029915421452354546
dataset/dreamdata/STN_a3_i4_s5_t5000/original_2.json,0,0.015,0,0,0,0,0.00019097328186035156,0.0002741022924682004
dataset/dreamdata/STN_a3_i4_s5_t5000/original_3.json,0,0.15,0,0,0,0,0.0001728534698486328,0.00030537226691317916
dataset/dreamdata/STN_a3_i4_s5_t5000/original_0.json,0,0.025,0,0,0,0,0.0001537799835205078,0.00032602482704661
dataset/dreamdata/STN_a3_i4_s5_t5000/original_1.json,0,0.25,0,0,0,0,0.0001690387725830078,0.0003539844973003445
dataset/dreamdata/STN_a3_i4_s5_t5000/original_6.json,0,0.145,0,0,0,0,0.00018787384033203125,0.00025811506875196295
dataset/dreamdata/STN_a3_i4_s5_t5000/original_7.json,0,0.04,0,0,0,0,0.0001621246337890625,0.0003139553357608354
dataset/dreamdata/STN_a3_i8_s1_t4000/original_8.json,0,0.005,0,0,0,0,0.00021696090698242188,0.00037418418194181356
dataset/dreamdata/STN_a3_i8_s1_t4000/original_4.json,0,0.0,0,0,0,0,0.00023293495178222656,0.00036902643328336015
dataset/dreamdata/STN_a3_i8_s1_t4000/original_5.json,0,1.0,0,0,0,0,0.00018262863159179688,0.00035069456052540536
dataset/dreamdata/STN_a3_i8_s1_t4000/original_9.json,0,0.0,0,0,0,0,0.00019693374633789062,0.00036896533103444466
dataset/dreamdata/STN_a3_i8_s1_t4000/original_2.json,0,0.0,0,0,0,0,0.00021195411682128906,0.00036831596987930374
dataset/dreamdata/STN_a3_i8_s1_t4000/original_3.json,0,0.0,0,0,0,0,0.0002167224884033203,0.00033011987580725894
dataset/dreamdata/STN_a3_i8_s1_t4000/original_0.json,0,0.0,0,0,0,0,0.00019288063049316406,0.00032677123295002847
dataset/dreamdata/STN_a3_i8_s1_t4000/original_1.json,0,0.0,0,0,0,0,0.0002372264862060547,0.00031958153499430747
dataset/dreamdata/STN_a3_i8_s1_t4000/original_6.json,0,0.0,0,0,0,0,0.00021505355834960938,0.00034836428848343277
dataset/dreamdata/STN_a3_i8_s1_t4000/original_7.json,0,0.0,0,0,0,0,0.0002028942108154297,0.0003914413739688432
dataset/dreamdata/STN_a2_i4_s3_t6000/original_8.json,0,0.435,0,0,0,0,0.00019812583923339844,0.0002884349631304717
dataset/dreamdata/STN_a2_i4_s3_t6000/original_4.json,0,0.04,0,0,0,0,0.00019407272338867188,0.00028340540938640957
dataset/dreamdata/STN_a2_i4_s3_t6000/original_5.json,0,0.015,0,0,0,0,0.0001850128173828125,0.00032420973082882676
dataset/dreamdata/STN_a2_i4_s3_t6000/original_9.json,0,0.0,0,0,0,0,0.00021505355834960938,0.00030524167583216377
dataset/dreamdata/STN_a2_i4_s3_t6000/original_2.json,0,0.015,0,0,0,0,0.00018978118896484375,0.0003526606152405092
dataset/dreamdata/STN_a2_i4_s3_t6000/original_3.json,0,0.0,0,0,0,0,0.00019693374633789062,0.00030409750626913867
dataset/dreamdata/STN_a2_i4_s3_t6000/original_0.json,0,0.155,0,0,0,0,0.00016999244689941406,0.0003598682844459112
dataset/dreamdata/STN_a2_i4_s3_t6000/original_1.json,0,0.6,0,0,0,0,0.00018787384033203125,0.0002786789707203007
dataset/dreamdata/STN_a2_i4_s3_t6000/original_6.json,0,0.095,0,0,0,0,0.00029587745666503906,0.00032422890016181984
dataset/dreamdata/STN_a2_i4_s3_t6000/original_7.json,0,0.33,0,0,0,0,0.00018310546875,0.0003005907164147152
dataset/dreamdata/STN_a3_i8_s5_t5000/original_8.json,0,0.0,0,0,0,0,0.00020813941955566406,0.0003422396865921404
dataset/dreamdata/STN_a3_i8_s5_t5000/original_4.json,0,0.01,0,0,0,0,0.00019979476928710938,0.00038107196290289335
dataset/dreamdata/STN_a3_i8_s5_t5000/original_5.json,0,0.37,0,0,0,0,0.00018525123596191406,0.000391279632721714
dataset/dreamdata/STN_a3_i8_s5_t5000/original_9.json,0,0.0,0,0,0,0,0.00019884109497070312,0.00037861589211315365
dataset/dreamdata/STN_a3_i8_s5_t5000/original_2.json,0,0.045,0,0,0,0,0.0002071857452392578,0.00038945135758749805
dataset/dreamdata/STN_a3_i8_s5_t5000/original_3.json,0,0.0,0,0,0,0,0.00021386146545410156,0.00025949885497740164
dataset/dreamdata/STN_a3_i8_s5_t5000/original_0.json,0,0.025,0,0,0,0,0.00020599365234375,0.0003734461626215796
dataset/dreamdata/STN_a3_i8_s5_t5000/original_1.json,0,0.07,0,0,0,0,0.00019216537475585938,0.00038945854608737044
dataset/dreamdata/STN_a3_i8_s5_t5000/original_6.json,0,0.0,0,0,0,0,0.00022292137145996094,0.0003390108520661167
dataset/dreamdata/STN_a3_i8_s5_t5000/original_7.json,0,0.03,0,0,0,0,0.0002129077911376953,0.00031856675842898574
dataset/dreamdata/STN_a2_i4_s1_t2000/original_8.json,0,0.0,0,0,0,0,0.00018095970153808594,0.00029539582717358765
dataset/dreamdata/STN_a2_i4_s1_t2000/original_4.json,0,0.0,0,0,0,0,0.00019311904907226562,0.0003287097317489547
dataset/dreamdata/STN_a2_i4_s1_t2000/original_5.json,0,0.0,0,0,0,0,0.0001838207244873047,0.0003285048595025911
dataset/dreamdata/STN_a2_i4_s1_t2000/original_9.json,0,0.045,0,0,0,0,0.00018787384033203125,0.0003074641203760502
dataset/dreamdata/STN_a2_i4_s1_t2000/original_2.json,0,0.23,0,0,0,0,0.00016999244689941406,0.00035692459374815974
dataset/dreamdata/STN_a2_i4_s1_t2000/original_3.json,0,0.0,0,0,0,0,0.00017213821411132812,0.0003290955145754407
dataset/dreamdata/STN_a2_i4_s1_t2000/original_0.json,0,0.0,0,0,0,0,0.00020599365234375,0.00029746851130346556
dataset/dreamdata/STN_a2_i4_s1_t2000/original_1.json,0,1.0,0,0,0,0,0.00014495849609375,0.00033081356604494643
dataset/dreamdata/STN_a2_i4_s1_t2000/original_6.json,0,0.0,0,0,0,0,0.0002040863037109375,0.0003171074929548867
dataset/dreamdata/STN_a2_i4_s1_t2000/original_7.json,0,0.0,0,0,0,0,0.0001919269561767578,0.0003081242642809997
dataset/dreamdata/STN_a2_i8_s3_t12000/original_8.json,0,0.285,0,0,0,0,0.0001900196075439453,0.00035403242063282724
dataset/dreamdata/STN_a2_i8_s3_t12000/original_4.json,0,0.615,0,0,0,0,0.00017881393432617188,0.0003491837774688874
dataset/dreamdata/STN_a2_i8_s3_t12000/original_5.json,0,0.0,0,0,0,0,0.00024199485778808594,0.00033293537159061914
dataset/dreamdata/STN_a2_i8_s3_t12000/original_9.json,0,0.87,0,0,0,0,0.00021505355834960938,0.00033114064278914104
dataset/dreamdata/STN_a2_i8_s3_t12000/original_2.json,0,0.195,0,0,0,0,0.00021195411682128906,0.00035151404951085997
dataset/dreamdata/STN_a2_i8_s3_t12000/original_3.json,0,0.825,0,0,0,0,0.0001621246337890625,0.00037762747338069744
dataset/dreamdata/STN_a2_i8_s3_t12000/original_0.json,0,0.54,0,0,0,0,0.00021719932556152344,0.00037325207312502456
dataset/dreamdata/STN_a2_i8_s3_t12000/original_1.json,0,0.895,0,0,0,0,0.00018906593322753906,0.000339666203637818
dataset/dreamdata/STN_a2_i8_s3_t12000/original_6.json,0,0.47,0,0,0,0,0.00019598007202148438,0.0003567784275840874
dataset/dreamdata/STN_a2_i8_s3_t12000/original_7.json,0,0.115,0,0,0,0,0.00019788742065429688,0.00033124487603729096
dataset/dreamdata/STN_a4_i8_s3_t3000/original_8.json,0,0.01,0,0,0,0,0.00017905235290527344,0.0003292165209899596
dataset/dreamdata/STN_a4_i8_s3_t3000/original_4.json,0,0.005,0,0,0,0,0.00020813941955566406,0.0003482229146526087
dataset/dreamdata/STN_a4_i8_s3_t3000/original_5.json,0,0.005,0,0,0,0,0.00018715858459472656,0.0003825683689596665
dataset/dreamdata/STN_a4_i8_s3_t3000/original_9.json,0,0.0,0,0,0,0,0.00020599365234375,0.0003401047021300349
dataset/dreamdata/STN_a4_i8_s3_t3000/original_2.json,0,0.01,0,0,0,0,0.00021600723266601562,0.0004083990451678559
dataset/dreamdata/STN_a4_i8_s3_t3000/original_3.json,0,0.0,0,0,0,0,0.00021409988403320312,0.00032144575262788553
dataset/dreamdata/STN_a4_i8_s3_t3000/original_0.json,0,0.0,0,0,0,0,0.0002181529998779297,0.00029815381495796857
dataset/dreamdata/STN_a4_i8_s3_t3000/original_1.json,0,0.0,0,0,0,0,0.000209808349609375,0.00033157914128135796
dataset/dreamdata/STN_a4_i8_s3_t3000/original_6.json,0,0.0,0,0,0,0,0.0002079010009765625,0.0003746526325168322
dataset/dreamdata/STN_a4_i8_s3_t3000/original_7.json,0,0.0,0,0,0,0,0.00021910667419433594,0.0003526270689077713
dataset/dreamdata/STN_a2_i4_s3_t3000/original_8.json,0,1.0,0,0,0,0,0.00016570091247558594,0.00028013584002777557
dataset/dreamdata/STN_a2_i4_s3_t3000/original_4.json,0,0.755,0,0,0,0,0.00017690658569335938,0.000320205736399895
dataset/dreamdata/STN_a2_i4_s3_t3000/original_5.json,0,0.995,0,0,0,0,0.00017690658569335938,0.0002957025365014771
dataset/dreamdata/STN_a2_i4_s3_t3000/original_9.json,0,0.16,0,0,0,0,0.00018715858459472656,0.00032510110481300545
dataset/dreamdata/STN_a2_i4_s3_t3000/original_2.json,0,0.715,0,0,0,0,0.0001900196075439453,0.00031565421789734807
dataset/dreamdata/STN_a2_i4_s3_t3000/original_3.json,0,0.0,0,0,0,0,0.000186920166015625,0.00031878001725853386
dataset/dreamdata/STN_a2_i4_s3_t3000/original_0.json,0,0.175,0,0,0,0,0.00017380714416503906,0.00030287186704089293
dataset/dreamdata/STN_a2_i4_s3_t3000/original_1.json,0,0.0,0,0,0,0,0.00017905235290527344,0.00033549327946188464
dataset/dreamdata/STN_a2_i4_s3_t3000/original_6.json,0,0.675,0,0,0,0,0.00015997886657714844,0.0003266478303688854
dataset/dreamdata/STN_a2_i4_s3_t3000/original_7.json,0,0.785,0,0,0,0,0.00028896331787109375,0.00033315941316997585
dataset/dreamdata/STN_a3_i8_s1_t1000/original_8.json,0,0.0,0,0,0,0,0.0002040863037109375,0.00035212027966676645
dataset/dreamdata/STN_a3_i8_s1_t1000/original_4.json,0,0.0,0,0,0,0,0.0002319812774658203,0.0003476346557463833
dataset/dreamdata/STN_a3_i8_s1_t1000/original_5.json,0,0.005,0,0,0,0,0.00019788742065429688,0.00037724408672083564
dataset/dreamdata/STN_a3_i8_s1_t1000/original_9.json,0,0.0,0,0,0,0,0.00020885467529296875,0.00033600006870288944
dataset/dreamdata/STN_a3_i8_s1_t1000/original_2.json,0,0.215,0,0,0,0,0.00019097328186035156,0.00037577284041361594
dataset/dreamdata/STN_a3_i8_s1_t1000/original_3.json,0,0.0,0,0,0,0,0.00020503997802734375,0.00032434511424309044
dataset/dreamdata/STN_a3_i8_s1_t1000/original_0.json,0,0.0,0,0,0,0,0.00020813941955566406,0.00038627643681051746
dataset/dreamdata/STN_a3_i8_s1_t1000/original_1.json,0,0.0,0,0,0,0,0.000202178955078125,0.0003626622147296541
dataset/dreamdata/STN_a3_i8_s1_t1000/original_6.json,0,0.0,0,0,0,0,0.00019407272338867188,0.00035556237302233825
dataset/dreamdata/STN_a3_i8_s1_t1000/original_7.json,0,0.0,0,0,0,0,0.00018787384033203125,0.0003692085419467945
dataset/dreamdata/STN_a4_i8_s1_t2000/original_8.json,0,0.0,0,0,0,0,0.00023126602172851562,0.00041865463831915927
dataset/dreamdata/STN_a4_i8_s1_t2000/original_4.json,0,0.0,0,0,0,0,0.00020813941955566406,0.00035730198999146123
dataset/dreamdata/STN_a4_i8_s1_t2000/original_5.json,0,0.0,0,0,0,0,0.00021076202392578125,0.00036388785395789986
dataset/dreamdata/STN_a4_i8_s1_t2000/original_9.json,0,0.0,0,0,0,0,0.00021505355834960938,0.00041674848776965885
dataset/dreamdata/STN_a4_i8_s1_t2000/original_2.json,0,0.675,0,0,0,0,0.0002009868621826172,0.0003852460851621388
dataset/dreamdata/STN_a4_i8_s1_t2000/original_3.json,0,0.0,0,0,0,0,0.0002231597900390625,0.00036890902111877746
dataset/dreamdata/STN_a4_i8_s1_t2000/original_0.json,0,0.0,0,0,0,0,0.0002110004425048828,0.0003864777148069449
dataset/dreamdata/STN_a4_i8_s1_t2000/original_1.json,0,0.0,0,0,0,0,0.00021910667419433594,0.0003629964799737211
dataset/dreamdata/STN_a4_i8_s1_t2000/original_6.json,0,0.0,0,0,0,0,0.00018215179443359375,0.00036466660811074414
dataset/dreamdata/STN_a4_i8_s1_t2000/original_7.json,0,0.005,0,0,0,0,0.0002009868621826172,0.00035295893798521414
dataset/dreamdata/STN_a4_i8_s3_t6000/original_8.json,0,0.015,0,0,0,0,0.00020694732666015625,0.0003369465545194233
dataset/dreamdata/STN_a4_i8_s3_t6000/original_4.json,0,0.01,0,0,0,0,0.000202178955078125,0.00038033993399921975
dataset/dreamdata/STN_a4_i8_s3_t6000/original_5.json,0,0.005,0,0,0,0,0.00022411346435546875,0.0003901150957423838
dataset/dreamdata/STN_a4_i8_s3_t6000/original_9.json,0,0.305,0,0,0,0,0.00019097328186035156,0.00038580798623549876
dataset/dreamdata/STN_a4_i8_s3_t6000/original_2.json,0,0.0,0,0,0,0,0.0002372264862060547,0.00033076803887908783
dataset/dreamdata/STN_a4_i8_s3_t6000/original_3.json,0,0.0,0,0,0,0,0.00021195411682128906,0.00039801765326878533
dataset/dreamdata/STN_a4_i8_s3_t6000/original_0.json,0,0.005,0,0,0,0,0.00020194053649902344,0.0003802704451671198
dataset/dreamdata/STN_a4_i8_s3_t6000/original_1.json,0,0.0,0,0,0,0,0.00022792816162109375,0.0003475148474151765
dataset/dreamdata/STN_a4_i8_s3_t6000/original_6.json,0,1.0,0,0,0,0,0.00018095970153808594,0.00042089505411272674
dataset/dreamdata/STN_a4_i8_s3_t6000/original_7.json,0,0.04,0,0,0,0,0.0001850128173828125,0.00037812228178858156
dataset/dreamdata/STN_a4_i8_s3_t12000/original_8.json,0,0.045,0,0,0,0,0.00020503997802734375,0.00038848330627134695
dataset/dreamdata/STN_a4_i8_s3_t12000/original_4.json,0,0.0,0,0,0,0,0.00021314620971679688,0.0003392983920610131
dataset/dreamdata/STN_a4_i8_s3_t12000/original_5.json,0,0.0,0,0,0,0,0.00024509429931640625,0.0003588223577144757
dataset/dreamdata/STN_a4_i8_s3_t12000/original_9.json,0,0.0,0,0,0,0,0.00023293495178222656,0.0003097165170027383
dataset/dreamdata/STN_a4_i8_s3_t12000/original_2.json,0,0.0,0,0,0,0,0.00021576881408691406,0.00035762307631909547
dataset/dreamdata/STN_a4_i8_s3_t12000/original_3.json,0,0.8,0,0,0,0,0.00021719932556152344,0.00039402444158966217
dataset/dreamdata/STN_a4_i8_s3_t12000/original_0.json,0,0.165,0,0,0,0,0.00019812583923339844,0.0003672400910650665
dataset/dreamdata/STN_a4_i8_s3_t12000/original_1.json,0,0.02,0,0,0,0,0.00020194053649902344,0.00035954000961840453
dataset/dreamdata/STN_a4_i8_s3_t12000/original_6.json,0,0.0,0,0,0,0,0.0002079010009765625,0.000367617487308368
dataset/dreamdata/STN_a4_i8_s3_t12000/original_7.json,0,0.11,0,0,0,0,0.0002269744873046875,0.00036558074567785215
dataset/dreamdata/STN_a3_i8_s3_t12000/original_8.json,0,0.005,0,0,0,0,0.00023794174194335938,0.00033421612265122
dataset/dreamdata/STN_a3_i8_s3_t12000/original_4.json,0,0.27,0,0,0,0,0.00020813941955566406,0.0003303091729705657
dataset/dreamdata/STN_a3_i8_s3_t12000/original_5.json,0,0.0,0,0,0,0,0.00022602081298828125,0.0003535819413074896
dataset/dreamdata/STN_a3_i8_s3_t12000/original_9.json,0,0.06,0,0,0,0,0.00021219253540039062,0.0003707780310856038
dataset/dreamdata/STN_a3_i8_s3_t12000/original_2.json,0,0.89,0,0,0,0,0.00018596649169921875,0.00039451565574761014
dataset/dreamdata/STN_a3_i8_s3_t12000/original_3.json,0,0.0,0,0,0,0,0.00020599365234375,0.0003783547099511228
dataset/dreamdata/STN_a3_i8_s3_t12000/original_0.json,0,0.19,0,0,0,0,0.00020694732666015625,0.0003955783556454146
dataset/dreamdata/STN_a3_i8_s3_t12000/original_1.json,0,0.045,0,0,0,0,0.00021576881408691406,0.0003591374536255496
dataset/dreamdata/STN_a3_i8_s3_t12000/original_6.json,0,0.045,0,0,0,0,0.00021195411682128906,0.0003646414483611907
dataset/dreamdata/STN_a3_i8_s3_t12000/original_7.json,0,0.0,0,0,0,0,0.0002219676971435547,0.0003050248227526794
