dataset/rover_data/5_rovers_201.json,0.96,0.945,0.19501423835754395,0.0017979145050048828,0.022525506019592287,0.0214616210017372
dataset/rover_data/4_rovers_115.json,1.0,1.0,0.10833311080932617,0.0012021064758300781,0.010503312349319458,0.010023307560676306
dataset/rover_data/5_rovers_344.json,1.0,1.0,0.1876969337463379,0.0017139911651611328,0.020589048862457274,0.019787987272943085
dataset/rover_data/5_rovers_256.json,0.075,0.07,0.18669795989990234,0.0017771720886230469,0.022323129177093507,0.02147165974180902
dataset/rover_data/3_rovers_26.json,1.0,1.0,0.026729106903076172,0.0006561279296875,0.003063802719116211,0.002882661531918013
dataset/rover_data/4_rovers_92.json,0.205,0.235,0.3005237579345703,0.001950979232788086,0.02756128668785095,0.02610072658289617
dataset/rover_data/5_rovers_313.json,1.0,1.0,0.1771860122680664,0.0017800331115722656,0.02058919072151184,0.019747458510662442
dataset/rover_data/4_rovers_142.json,0.0,0.0,0.14074492454528809,0.0014331340789794922,0.014815634489059449,0.014182032053195053
dataset/rover_data/5_rovers_190.json,0.73,0.81,0.22020983695983887,0.0018727779388427734,0.022582614421844484,0.021697009628142545
dataset/rover_data/4_rovers_84.json,1.0,1.0,0.19682812690734863,0.001828908920288086,0.023308005332946777,0.022258836420337158
dataset/rover_data/3_rovers_30.json,1.0,1.0,0.0781400203704834,0.02074408531188965,0.00978985071182251,0.009330467962140414
dataset/rover_data/5_rovers_240.json,0.045,0.075,0.19153618812561035,0.0017910003662109375,0.022364262342453003,0.021993837164874054
dataset/rover_data/4_rovers_154.json,0.0,0.0,0.17835283279418945,0.0014388561248779297,0.015590389966964721,0.014848214298037428
dataset/rover_data/5_rovers_305.json,1.0,1.0,0.19284296035766602,0.0018320083618164062,0.02154449939727783,0.020629307732510208
dataset/rover_data/5_rovers_186.json,0.0,0.0,0.23826217651367188,0.0017778873443603516,0.023126360177993775,0.022232736175383756
dataset/rover_data/5_rovers_169.json,1.0,1.0,0.21141386032104492,0.001821756362915039,0.022418383359909057,0.021649057541660327
dataset/rover_data/5_rovers_217.json,0.0,0.0,0.19721174240112305,0.0018701553344726562,0.022346326112747193,0.021440791125273584
dataset/rover_data/5_rovers_352.json,0.91,0.865,0.1966698169708252,0.0017161369323730469,0.02060351848602295,0.019808391829830917
dataset/rover_data/4_rovers_103.json,0.945,0.95,0.27696895599365234,0.001958131790161133,0.027916241884231568,0.026196823647273843
dataset/rover_data/5_rovers_329.json,0.98,1.0,0.20903491973876953,0.0017151832580566406,0.020664656162261964,0.01994423890233639
dataset/rover_data/5_rovers_283.json,0.115,0.155,0.18692612648010254,0.0018489360809326172,0.021706273555755617,0.020023827576757077
dataset/rover_data/4_rovers_47.json,1.0,1.0,0.05419635772705078,0.0008590221405029297,0.005143226385116577,0.004941736633454136
dataset/rover_data/5_rovers_391.json,0.42,0.45,0.18833613395690918,0.001734018325805664,0.020724347829818725,0.019816569946519095
dataset/rover_data/5_rovers_368.json,1.0,1.0,0.18969297409057617,0.0017659664154052734,0.020695306062698364,0.020031138281127316
dataset/rover_data/4_rovers_139.json,0.0,0.0,0.16945624351501465,0.0014488697052001953,0.015489592552185058,0.014282702201574892
dataset/rover_data/5_rovers_387.json,1.0,1.0,0.19894886016845703,0.001714944839477539,0.02070091128349304,0.019916466133079336
dataset/rover_data/4_rovers_51.json,1.0,1.0,0.05039095878601074,0.0008609294891357422,0.005116603374481201,0.004951598057195769
dataset/rover_data/5_rovers_295.json,0.0,0.0,0.20520591735839844,0.001977205276489258,0.020588241815567017,0.019747684948408423
dataset/rover_data/5_rovers_348.json,1.0,1.0,0.1915290355682373,0.0017132759094238281,0.02060396671295166,0.019706673358553018
dataset/rover_data/4_rovers_119.json,1.0,1.0,0.09025406837463379,0.0012061595916748047,0.010472378730773925,0.010062617872228575
dataset/rover_data/5_rovers_173.json,1.0,1.0,0.2250211238861084,0.0017979145050048828,0.022694761753082274,0.021771938956562598
dataset/rover_data/4_rovers_71.json,0.03,0.06,0.18533110618591309,0.0019609928131103516,0.023291009664535522,0.02257144511045523
dataset/rover_data/5_rovers_165.json,1.0,1.0,0.24466991424560547,0.0018749237060546875,0.022750020027160645,0.021721602684289368
dataset/rover_data/4_rovers_88.json,1.0,1.0,0.19531607627868652,0.001893758773803711,0.023398315906524657,0.022335803688471042
dataset/rover_data/5_rovers_309.json,1.0,1.0,0.19532394409179688,0.0017180442810058594,0.020777755975723268,0.01993226046538233
dataset/rover_data/4_rovers_158.json,0.0,0.0,0.23132991790771484,0.001439809799194336,0.01564454793930054,0.014286017298099384
dataset/rover_data/4_rovers_67.json,1.0,1.0,0.19726991653442383,0.001993894577026367,0.023369060754776003,0.022392813284792493
dataset/rover_data/5_rovers_325.json,1.0,1.0,0.17679214477539062,0.0017230510711669922,0.0207452654838562,0.019965831957869794
dataset/rover_data/5_rovers_260.json,0.015,0.01,0.2157611846923828,0.0018339157104492188,0.022743662595748903,0.021740193343042728
dataset/rover_data/5_rovers_372.json,1.0,1.0,0.19128084182739258,0.0017750263214111328,0.020713521242141722,0.019868563168012915
dataset/rover_data/4_rovers_123.json,1.0,1.0,0.08992576599121094,0.001207113265991211,0.010510270595550536,0.010110408217463661
dataset/rover_data/5_rovers_237.json,0.0,0.0,0.23558712005615234,0.0017948150634765625,0.02243017077445984,0.021594283568799198
dataset/rover_data/4_rovers_135.json,1.0,1.0,0.08990478515625,0.0012137889862060547,0.01050011396408081,0.010113149432081673
dataset/rover_data/5_rovers_364.json,1.0,1.0,0.18449020385742188,0.021311283111572266,0.020686069726943968,0.019791343104300186
dataset/rover_data/5_rovers_221.json,0.0,0.0,0.1984100341796875,0.0017848014831542969,0.02245055913925171,0.021527594657399545
dataset/rover_data/5_rovers_333.json,0.0,0.0,0.21478986740112305,0.001834869384765625,0.020734224319458008,0.01986123209622637
dataset/rover_data/5_rovers_299.json,1.0,1.0,0.2078857421875,0.0017132759094238281,0.020566989183425904,0.019714802353825403
dataset/rover_data/5_rovers_276.json,0.0,0.0,0.21824193000793457,0.0017859935760498047,0.02262570261955261,0.02170606833606509
dataset/rover_data/5_rovers_332.json,0.29,0.34,0.19045019149780273,0.0017197132110595703,0.020762337446212767,0.019813974898065155
dataset/rover_data/5_rovers_298.json,1.0,1.0,0.21303391456604004,0.0017731189727783203,0.020565634965896605,0.019706885419299255
dataset/rover_data/5_rovers_277.json,0.0,0.0,0.21206283569335938,0.0018239021301269531,0.022556670904159547,0.021672755629573034
dataset/rover_data/2_rovers_10.json,1.0,1.0,0.032238006591796875,0.0007491111755371094,0.004204593896865845,0.00397103875126671
dataset/rover_data/4_rovers_134.json,1.0,1.0,0.08674478530883789,0.001207113265991211,0.010545554161071778,0.010095456137729051
dataset/rover_data/5_rovers_365.json,0.0,0.0,0.2055518627166748,0.0018961429595947266,0.020665394067764284,0.019874801587818854
dataset/rover_data/5_rovers_220.json,0.04,0.065,0.20939922332763672,0.001783132553100586,0.022475223541259765,0.02128173478284673
dataset/rover_data/5_rovers_373.json,1.0,0.995,0.18370413780212402,0.00167083740234375,0.02014185070991516,0.0193507060333712
dataset/rover_data/4_rovers_122.json,1.0,1.0,0.08499288558959961,0.0011730194091796875,0.01020635962486267,0.009781656552798784
dataset/rover_data/5_rovers_236.json,0.015,0.015,0.19213414192199707,0.0018587112426757812,0.02193981170654297,0.021008785046524737
dataset/rover_data/5_rovers_324.json,1.0,1.0,0.1714022159576416,0.0016677379608154297,0.020185540914535522,0.0193821665030628
dataset/rover_data/3_rovers_11.json,1.0,1.0,0.13015222549438477,0.0012900829315185547,0.012318450212478637,0.011784581083748209
dataset/rover_data/5_rovers_261.json,0.05,0.055,0.1924581527709961,0.0017647743225097656,0.02200419783592224,0.02112115927078017
dataset/rover_data/4_rovers_89.json,0.285,0.3,0.22301793098449707,0.0019638538360595703,0.026674518585205077,0.025458718065041394
dataset/rover_data/5_rovers_308.json,1.0,1.0,0.16985702514648438,0.0016939640045166016,0.020208200216293336,0.019355268334623556
dataset/rover_data/4_rovers_159.json,0.0,0.0,0.1397242546081543,0.0015411376953125,0.014444141387939454,0.013858101475777937
dataset/rover_data/4_rovers_66.json,0.725,0.76,0.2108142375946045,0.0018200874328613281,0.022781789302825928,0.02183650965666651
dataset/rover_data/5_rovers_164.json,1.0,1.0,0.18835997581481934,0.0018160343170166016,0.022005115747451783,0.02108893322585216
dataset/rover_data/4_rovers_70.json,1.0,1.0,0.2194058895111084,0.0017600059509277344,0.022734733819961547,0.021898098327406686
dataset/rover_data/5_rovers_172.json,1.0,1.0,0.1906590461730957,0.0018076896667480469,0.02204843044281006,0.021134050647218024
dataset/rover_data/5_rovers_349.json,0.0,0.0,0.1845390796661377,0.0016779899597167969,0.02012351155281067,0.019307125752894724
dataset/rover_data/4_rovers_118.json,1.0,0.995,0.10813689231872559,0.0011758804321289062,0.010276681184768677,0.009853408564275233
dataset/rover_data/4_rovers_50.json,1.0,1.0,0.048471927642822266,0.0008289813995361328,0.005009795427322388,0.004798403936414862
dataset/rover_data/5_rovers_294.json,0.0,0.0,0.18308687210083008,0.0017311573028564453,0.019981082677841187,0.019191498732447024
dataset/rover_data/5_rovers_369.json,1.0,1.0,0.19022798538208008,0.0016617774963378906,0.02012548327445984,0.019303634538123355
dataset/rover_data/4_rovers_138.json,0.0,0.0,0.13707208633422852,0.0014641284942626953,0.014508217573165894,0.01394718256428014
dataset/rover_data/5_rovers_386.json,1.0,1.0,0.17442107200622559,0.0016651153564453125,0.020154062509536743,0.019300696837842166
dataset/rover_data/5_rovers_390.json,0.0,0.0,0.19059109687805176,0.0017659664154052734,0.020113006830215455,0.019401124973392966
dataset/rover_data/5_rovers_328.json,1.0,1.0,0.17195796966552734,0.0016922950744628906,0.020246487855911256,0.01934632464269897
dataset/rover_data/5_rovers_282.json,1.0,1.0,0.19746994972229004,0.0016698837280273438,0.01996676802635193,0.019180688426722235
dataset/rover_data/4_rovers_46.json,1.0,1.0,0.04911088943481445,0.0011017322540283203,0.004949629306793213,0.004744234995626325
dataset/rover_data/5_rovers_216.json,0.0,0.0,0.20598578453063965,0.0017321109771728516,0.021847320795059202,0.02092716921514003
dataset/rover_data/5_rovers_353.json,1.0,1.0,0.18224501609802246,0.001669168472290039,0.02014042258262634,0.01929946161394742
dataset/rover_data/4_rovers_102.json,0.93,0.93,0.20939302444458008,0.0020110607147216797,0.02667722463607788,0.025404958868745584
dataset/rover_data/5_rovers_187.json,0.0,0.0,0.20941376686096191,0.0017352104187011719,0.022070761919021607,0.02109614329122419
dataset/rover_data/5_rovers_168.json,1.0,1.0,0.18850088119506836,0.0018258094787597656,0.022037129402160644,0.021169110159179074
dataset/rover_data/3_rovers_31.json,1.0,1.0,0.0764470100402832,0.0011341571807861328,0.009695165157318116,0.009272017071594545
dataset/rover_data/4_rovers_85.json,1.0,1.0,0.18921399116516113,0.020891189575195312,0.02274909257888794,0.0217315335968631
dataset/rover_data/5_rovers_241.json,0.19,0.195,0.18137288093566895,0.0017261505126953125,0.02184307813644409,0.021065121320024808
dataset/rover_data/4_rovers_155.json,0.0,0.0,0.16448092460632324,0.0014028549194335938,0.015031028985977173,0.01392882433368932
dataset/rover_data/5_rovers_304.json,0.94,0.95,0.18802714347839355,0.0018129348754882812,0.019999160766601562,0.01915844001961713
dataset/rover_data/5_rovers_191.json,0.0,0.0,0.19448208808898926,0.0018858909606933594,0.02198803424835205,0.021028620513839337
dataset/rover_data/2_rovers_1.json,0.035,0.025,0.06499505043029785,0.0010919570922851562,0.008974958658218384,0.008575172280546408
dataset/rover_data/5_rovers_257.json,0.0,0.0,0.2158057689666748,0.0017349720001220703,0.021993534564971925,0.021229927264266278
dataset/rover_data/4_rovers_93.json,0.35,0.32,0.25754809379577637,0.0019011497497558594,0.02723484754562378,0.025536253224665195
dataset/rover_data/3_rovers_27.json,1.0,1.0,0.02691197395324707,0.0006558895111083984,0.003017004728317261,0.0028558424369773674
dataset/rover_data/5_rovers_312.json,1.0,1.0,0.16987299919128418,0.0018801689147949219,0.020256072282791138,0.019340374960971237
dataset/rover_data/4_rovers_143.json,1.0,1.0,0.14049696922302246,0.0014061927795410156,0.014648569822311401,0.014079539620097559
dataset/rover_data/5_rovers_200.json,0.0,0.0,0.18952488899230957,0.0018658638000488281,0.021956404447555544,0.02103458936490006
dataset/rover_data/4_rovers_114.json,1.0,1.0,0.08630609512329102,0.001168966293334961,0.010238527059555054,0.009835584678841595
dataset/rover_data/5_rovers_345.json,1.0,1.0,0.18868613243103027,0.0017879009246826172,0.020388697385787965,0.01944026515711492
dataset/rover_data/5_rovers_175.json,1.0,1.0,0.1950087547302246,0.0017371177673339844,0.02203611731529236,0.021245989967231177
dataset/rover_data/4_rovers_98.json,0.0,0.0,0.3228600025177002,0.0018911361694335938,0.02670754671096802,0.025209207630636703
dataset/rover_data/4_rovers_148.json,1.0,1.0,0.16982078552246094,0.001394033432006836,0.014993376731872558,0.014072246886976999
dataset/rover_data/4_rovers_77.json,1.0,1.0,0.18689727783203125,0.001756906509399414,0.022530508041381837,0.021667250436754083
dataset/rover_data/5_rovers_319.json,1.0,1.0,0.19109106063842773,0.0016679763793945312,0.020172245502471924,0.019386943261228015
dataset/rover_data/5_rovers_163.json,1.0,1.0,0.21834802627563477,0.0017628669738769531,0.02212373375892639,0.021223739163959445
dataset/rover_data/4_rovers_61.json,1.0,1.0,0.04793596267700195,0.0008270740509033203,0.004988422393798828,0.004780943070224781
dataset/rover_data/4_rovers_109.json,0.045,0.085,0.20901870727539062,0.0019190311431884766,0.02669192314147949,0.025383922921952292
dataset/rover_data/5_rovers_358.json,1.0,1.0,0.1909170150756836,0.0016667842864990234,0.020104970932006836,0.01936989213953066
dataset/rover_data/5_rovers_289.json,1.0,1.0,0.20776104927062988,0.0017170906066894531,0.020052636861801146,0.0193009088985884
dataset/rover_data/5_rovers_323.json,1.0,1.0,0.19319796562194824,0.001667022705078125,0.020176448822021485,0.019414870583232324
dataset/rover_data/5_rovers_266.json,0.0,0.0,0.21124792098999023,0.021837949752807617,0.02189059853553772,0.02107221996364881
dataset/rover_data/3_rovers_16.json,0.02,0.025,0.0960090160369873,0.001348257064819336,0.012266757488250733,0.011763847053949558
dataset/rover_data/5_rovers_374.json,0.025,0.065,0.18395304679870605,0.001672983169555664,0.02016067862510681,0.019341718012364065
dataset/rover_data/4_rovers_125.json,1.0,1.0,0.0871739387512207,0.00116729736328125,0.010222647190093994,0.009809018379479796
dataset/rover_data/5_rovers_231.json,0.72,0.665,0.2109971046447754,0.0018029212951660156,0.021834791898727418,0.0209468129891247
dataset/rover_data/4_rovers_133.json,1.0,1.0,0.08706998825073242,0.0012269020080566406,0.01028036117553711,0.009843695702864298
dataset/rover_data/5_rovers_362.json,0.05,0.05,0.19861602783203125,0.001672983169555664,0.020118155479431153,0.019305314250926877
dataset/rover_data/5_rovers_227.json,1.0,1.0,0.1889810562133789,0.0017428398132324219,0.02187175989151001,0.021059797037785977
dataset/rover_data/5_rovers_335.json,1.0,1.0,0.19584107398986816,0.0016770362854003906,0.020221043825149537,0.019437752776409512
dataset/rover_data/5_rovers_270.json,0.005,0.025,0.21600699424743652,0.0017578601837158203,0.022093697786331176,0.02109341645360592
dataset/rover_data/5_rovers_207.json,0.0,0.0,0.2136080265045166,0.0018191337585449219,0.02188369870185852,0.02102671556137315
dataset/rover_data/4_rovers_113.json,1.0,1.0,0.08610200881958008,0.0011718273162841797,0.010237512588500976,0.009868141394763736
dataset/rover_data/5_rovers_342.json,1.0,1.0,0.1886758804321289,0.0016651153564453125,0.020042800903320314,0.019344626958645767
dataset/rover_data/3_rovers_20.json,0.0,0.0,0.3176307678222656,0.0019838809967041016,0.03050676703453064,0.028428453895913895
dataset/rover_data/4_rovers_94.json,0.325,0.28,0.25870513916015625,0.0019421577453613281,0.027059093713760377,0.025515408971201834
dataset/rover_data/5_rovers_250.json,1.0,1.0,0.19997596740722656,0.0017209053039550781,0.021860296726226806,0.0209299559569239
dataset/rover_data/5_rovers_315.json,1.0,1.0,0.17203783988952637,0.0017070770263671875,0.020172250270843507,0.01931279508312743
dataset/rover_data/4_rovers_144.json,1.0,1.0,0.14644813537597656,0.00144195556640625,0.01498881459236145,0.014030062373559079
dataset/rover_data/5_rovers_196.json,0.0,0.0,0.2225360870361328,0.0017299652099609375,0.021916054487228394,0.02103760613867985
dataset/rover_data/5_rovers_179.json,1.0,1.0,0.19423389434814453,0.001734018325805664,0.021993569135665893,0.021159163671522284
dataset/rover_data/2_rovers_6.json,1.0,1.0,0.06403517723083496,0.0008969306945800781,0.005774910449981689,0.005511028682766248
dataset/rover_data/5_rovers_246.json,1.0,1.0,0.18697309494018555,0.0017271041870117188,0.021879447698593138,0.020989620505864896
dataset/rover_data/4_rovers_82.json,0.0,0.0,0.2111196517944336,0.0018150806427001953,0.022569785118103026,0.021663045164328723
dataset/rover_data/3_rovers_36.json,1.0,1.0,0.08082890510559082,0.0011439323425292969,0.009698386192321778,0.009224574170519959
dataset/rover_data/4_rovers_152.json,0.0,0.0,0.17400789260864258,0.0015196800231933594,0.015111963748931884,0.014087498487539627
dataset/rover_data/5_rovers_303.json,1.0,1.0,0.1912848949432373,0.001901865005493164,0.01993910551071167,0.019214879328282034
dataset/rover_data/5_rovers_180.json,1.0,1.0,0.19329118728637695,0.0017349720001220703,0.02209253430366516,0.02114768962764261
dataset/rover_data/5_rovers_211.json,0.055,0.06,0.21582698822021484,0.0018339157104492188,0.021873483657836913,0.021041529861526874
dataset/rover_data/5_rovers_354.json,0.975,0.995,0.18066906929016113,0.0017910003662109375,0.020216315984725952,0.019342047485274884
dataset/rover_data/4_rovers_105.json,0.945,0.965,0.24702191352844238,0.002017974853515625,0.027268402576446533,0.025444132598800275
dataset/rover_data/4_rovers_41.json,1.0,1.0,0.07223987579345703,0.0008292198181152344,0.004966222047805786,0.0047735341230229515
dataset/rover_data/5_rovers_285.json,1.0,1.0,0.17826390266418457,0.001851797103881836,0.02000240921974182,0.019187638508015543
dataset/rover_data/4_rovers_129.json,1.0,1.0,0.10726189613342285,0.0012240409851074219,0.010266441106796264,0.009817158157501988
dataset/rover_data/5_rovers_378.json,1.0,1.0,0.1803121566772461,0.0016760826110839844,0.020244702100753784,0.019326418488468958
dataset/rover_data/5_rovers_397.json,1.0,1.0,0.18125081062316895,0.0017271041870117188,0.02015807867050171,0.019383280720543024
dataset/rover_data/5_rovers_381.json,1.0,1.0,0.208237886428833,0.0017757415771484375,0.020214163064956665,0.019302218403648493
dataset/rover_data/5_rovers_293.json,1.0,1.0,0.2044973373413086,0.0016732215881347656,0.01997232437133789,0.01926700673510681
dataset/rover_data/4_rovers_57.json,1.0,1.0,0.048407793045043945,0.000823974609375,0.004934163093566895,0.004729420695472602
dataset/rover_data/5_rovers_339.json,0.0,0.0,0.19832801818847656,0.0017008781433105469,0.02018277406692505,0.019340244369890222
dataset/rover_data/5_rovers_292.json,1.0,1.0,0.18863797187805176,0.0016739368438720703,0.01995213031768799,0.01921805664522564
dataset/rover_data/4_rovers_56.json,1.0,1.0,0.049571990966796875,0.0008158683776855469,0.0049278390407562255,0.004723118777251124
dataset/rover_data/5_rovers_338.json,0.96,0.985,0.17788910865783691,0.0017647743225097656,0.020153595209121702,0.01933701673344751
dataset/rover_data/5_rovers_380.json,1.0,1.0,0.18880987167358398,0.001669168472290039,0.020158109664916993,0.019332292690948025
dataset/rover_data/5_rovers_400.json,0.0,0.0,0.1891939640045166,0.0016829967498779297,0.020146862268447877,0.01928628030134805
dataset/rover_data/4_rovers_128.json,1.0,1.0,0.10472297668457031,0.0013010501861572266,0.010278114080429078,0.009842817507796552
dataset/rover_data/5_rovers_379.json,0.0,0.0,0.1890859603881836,0.0017619132995605469,0.02015200972557068,0.01930252391489307
dataset/rover_data/5_rovers_396.json,0.0,0.0,0.1896660327911377,0.0016829967498779297,0.020070791244506836,0.019259044273414804
dataset/rover_data/5_rovers_284.json,0.435,0.445,0.19562697410583496,0.0016942024230957031,0.019946850538253784,0.019172047849875598
dataset/rover_data/5_rovers_210.json,0.075,0.07,0.21149611473083496,0.0017290115356445312,0.02187915563583374,0.021015122907245578
dataset/rover_data/5_rovers_355.json,0.005,0.01,0.1896960735321045,0.0016782283782958984,0.020142362117767335,0.01938533663150653
dataset/rover_data/4_rovers_104.json,1.0,1.0,0.22180914878845215,0.0019960403442382812,0.026646922826766967,0.025666711318432987
dataset/rover_data/5_rovers_181.json,1.0,1.0,0.21163129806518555,0.0017766952514648438,0.022002376317977905,0.021220763125012268
dataset/rover_data/5_rovers_247.json,0.0,0.0,0.19226384162902832,0.0017430782318115234,0.021938658952713012,0.020964803408138714
dataset/rover_data/3_rovers_37.json,0.365,0.345,0.10049629211425781,0.0011489391326904297,0.00969771146774292,0.009272041033260786
dataset/rover_data/4_rovers_83.json,1.0,1.0,0.19632363319396973,0.001756906509399414,0.02318361759185791,0.022019065205176273
dataset/rover_data/4_rovers_153.json,0.0,0.0,0.16454076766967773,0.0014531612396240234,0.01507100224494934,0.013989225703867236
dataset/rover_data/5_rovers_302.json,1.0,1.0,0.18765497207641602,0.0017199516296386719,0.020071252584457397,0.019245525101321426
dataset/rover_data/5_rovers_197.json,0.0,0.0,0.195051908493042,0.0017380714416503906,0.021959253549575806,0.021141066623093493
dataset/rover_data/5_rovers_178.json,1.0,1.0,0.20762395858764648,0.0017359256744384766,0.022054194211959838,0.021113816218160504
dataset/rover_data/2_rovers_7.json,0.995,1.0,0.028458118438720703,0.0006740093231201172,0.003338809013366699,0.0031372015200667644
dataset/rover_data/4_rovers_95.json,0.0,0.0,0.25916218757629395,0.0018947124481201172,0.02716391086578369,0.02543703275709296
dataset/rover_data/3_rovers_21.json,0.0,0.0,0.38214993476867676,0.0019948482513427734,0.030665903091430663,0.028450758612934668
dataset/rover_data/5_rovers_251.json,0.475,0.5,0.1928699016571045,0.0017359256744384766,0.021934826374053955,0.021021610528380426
dataset/rover_data/5_rovers_314.json,1.0,1.0,0.19329309463500977,0.0017268657684326172,0.020280699729919433,0.019492239209275748
dataset/rover_data/4_rovers_145.json,1.0,1.0,0.1529703140258789,0.020798206329345703,0.015008052587509155,0.014011117082145346
dataset/rover_data/5_rovers_206.json,0.0,0.0,0.18422293663024902,0.001725912094116211,0.02202243685722351,0.02117326870635526
dataset/rover_data/4_rovers_112.json,0.0,0.0,0.2230689525604248,0.0018870830535888672,0.02662149429321289,0.025528789165631012
dataset/rover_data/5_rovers_343.json,1.0,1.0,0.18369698524475098,0.0017061233520507812,0.020147035121917723,0.01931920363076368
dataset/rover_data/5_rovers_334.json,0.995,1.0,0.1903221607208252,0.0018007755279541016,0.02018507957458496,0.01937153231558488
dataset/rover_data/5_rovers_271.json,0.0,0.0,0.20847320556640625,0.0017757415771484375,0.022055717706680297,0.02112994721187419
dataset/rover_data/4_rovers_132.json,1.0,1.0,0.0888209342956543,0.001168966293334961,0.010267405509948731,0.009805539145541551
dataset/rover_data/5_rovers_363.json,0.86,0.8,0.19701361656188965,0.0016832351684570312,0.020217957496643065,0.019419741989979193
dataset/rover_data/5_rovers_226.json,0.0,0.0,0.20014619827270508,0.0017359256744384766,0.021892478466033937,0.020937400846625095
dataset/rover_data/5_rovers_375.json,1.0,1.0,0.1858370304107666,0.0017218589782714844,0.020170592069625855,0.019343285105336252
dataset/rover_data/4_rovers_124.json,1.0,1.0,0.08639693260192871,0.001180887222290039,0.010186392068862914,0.009804361429645787
dataset/rover_data/3_rovers_40.json,1.0,1.0,0.08031082153320312,0.0011260509490966797,0.009572482109069825,0.009171224718716875
dataset/rover_data/5_rovers_230.json,0.965,0.945,0.2041630744934082,0.001766204833984375,0.021862932443618775,0.020973213952989435
dataset/rover_data/5_rovers_288.json,1.0,1.0,0.18231797218322754,0.0016918182373046875,0.019956848621368407,0.01916683019705154
dataset/rover_data/5_rovers_322.json,1.0,1.0,0.17390894889831543,0.0016810894012451172,0.02019487738609314,0.01936706346483087
dataset/rover_data/5_rovers_267.json,0.0,0.0,0.20803189277648926,0.001744985580444336,0.022188395261764526,0.021119902481385813
dataset/rover_data/3_rovers_17.json,0.0,0.0,0.34013891220092773,0.0019750595092773438,0.030631089210510255,0.02844839599264327
dataset/rover_data/4_rovers_108.json,0.0,0.0,0.20843791961669922,0.001886129379272461,0.02669888973236084,0.025266757562531897
dataset/rover_data/5_rovers_359.json,0.0,0.0,0.17774319648742676,0.0017337799072265625,0.020130971670150755,0.019347110585351684
dataset/rover_data/4_rovers_60.json,1.0,1.0,0.06568098068237305,0.0008330345153808594,0.004988119602203369,0.00478729171369543
dataset/rover_data/5_rovers_162.json,1.0,1.0,0.18538880348205566,0.0017361640930175781,0.022089278697967528,0.021170037475662616
dataset/rover_data/4_rovers_99.json,0.0,0.0,0.2345740795135498,0.0019490718841552734,0.026454017162323,0.02536619009085037
dataset/rover_data/4_rovers_149.json,0.0,0.0,0.1503157615661621,0.001444101333618164,0.015167627334594726,0.014037194563515822
dataset/rover_data/4_rovers_76.json,1.0,1.0,0.20149493217468262,0.001750946044921875,0.022810901403427123,0.02181837666573836
dataset/rover_data/5_rovers_318.json,1.0,1.0,0.16948819160461426,0.0017130374908447266,0.02020633578300476,0.019351120570197177
dataset/rover_data/5_rovers_174.json,0.065,0.035,0.27214503288269043,0.0017421245574951172,0.022048906087875367,0.021200171667127753
dataset/rover_data/5_rovers_272.json,0.79,0.82,0.20463013648986816,0.0017290115356445312,0.02213439702987671,0.021071006305253687
dataset/rover_data/5_rovers_337.json,1.0,1.0,0.19311165809631348,0.0016744136810302734,0.020206066370010375,0.019387279922638705
dataset/rover_data/4_rovers_59.json,1.0,1.0,0.04688072204589844,0.0008261203765869141,0.004993040561676026,0.004783835243340114
dataset/rover_data/5_rovers_225.json,0.0,0.0,0.20411992073059082,0.0017368793487548828,0.021936559677124025,0.020984969546447445
dataset/rover_data/4_rovers_131.json,1.0,1.0,0.08842301368713379,0.0011739730834960938,0.010270776748657227,0.009896569515592488
dataset/rover_data/5_rovers_360.json,0.0,0.005,0.17691683769226074,0.0017380714416503906,0.020098882913589477,0.019292731979983536
dataset/rover_data/5_rovers_233.json,0.0,0.0,0.18816280364990234,0.0019690990447998047,0.02186403751373291,0.021042520676425952
dataset/rover_data/5_rovers_399.json,1.0,1.0,0.20827412605285645,0.0018739700317382812,0.020141170024871827,0.01936756785790525
dataset/rover_data/5_rovers_376.json,1.0,1.0,0.21291494369506836,0.0018739700317382812,0.0201869535446167,0.019336660902703827
dataset/rover_data/4_rovers_127.json,0.98,0.975,0.08504176139831543,0.0011699199676513672,0.010251314640045165,0.0098679293340175
dataset/rover_data/5_rovers_264.json,1.0,1.0,0.21271014213562012,0.0017380714416503906,0.02199495553970337,0.02108455423134655
dataset/rover_data/3_rovers_14.json,0.0,0.0,0.09703183174133301,0.0012919902801513672,0.012255916595458985,0.011728793532405067
dataset/rover_data/5_rovers_321.json,1.0,1.0,0.19115018844604492,0.0016620159149169922,0.02019262671470642,0.019367662506486902
dataset/rover_data/4_rovers_63.json,1.0,1.0,0.04571533203125,0.0008478164672851562,0.005011379718780518,0.004801812483437696
dataset/rover_data/3_rovers_38.json,0.95,0.945,0.07930612564086914,0.0011310577392578125,0.009712823629379273,0.009281661642256694
dataset/rover_data/5_rovers_248.json,0.0,0.0,0.17839479446411133,0.001889944076538086,0.021825374364852906,0.021066324195670123
dataset/rover_data/5_rovers_161.json,1.0,1.0,0.21813607215881348,0.0017306804656982422,0.02194256544113159,0.021347678486426273
dataset/rover_data/4_rovers_75.json,1.0,1.0,0.18514108657836914,0.0017499923706054688,0.022752225399017334,0.02187476565490416
dataset/rover_data/5_rovers_177.json,1.0,1.0,0.19038915634155273,0.0017352104187011719,0.021944684982299803,0.02111277148951238
dataset/rover_data/2_rovers_8.json,1.0,1.0,0.027077913284301758,0.0006859302520751953,0.0033652520179748534,0.003186517025358114
dataset/rover_data/5_rovers_198.json,0.0,0.0,0.18747591972351074,0.0018208026885986328,0.021957589387893675,0.021002366914221988
dataset/rover_data/5_rovers_209.json,0.435,0.41,0.2006669044494629,0.0018100738525390625,0.021832642555236818,0.020962921219255456
dataset/rover_data/5_rovers_291.json,1.0,1.0,0.21029996871948242,0.0016660690307617188,0.0199803626537323,0.019162323007631543
dataset/rover_data/4_rovers_55.json,1.0,1.0,0.04993486404418945,0.0008273124694824219,0.004957044124603271,0.004706685866542797
dataset/rover_data/5_rovers_229.json,0.34,0.295,0.20709609985351562,0.0017459392547607422,0.02178192973136902,0.021000801019333114
dataset/rover_data/5_rovers_383.json,0.0,0.0,0.1730051040649414,0.0016629695892333984,0.02020210027694702,0.01924301871103258
dataset/rover_data/5_rovers_395.json,0.0,0.0,0.18764305114746094,0.0016849040985107422,0.0201459276676178,0.019277879341163828
dataset/rover_data/3_rovers_18.json,0.0,0.0,0.3383960723876953,0.0020558834075927734,0.030661414861679077,0.02842131331937397
dataset/rover_data/5_rovers_268.json,0.0,0.0,0.21353912353515625,0.0017840862274169922,0.02193642973899841,0.02117918723791688
dataset/rover_data/4_rovers_43.json,1.0,1.0,0.050375938415527344,0.0008199214935302734,0.004983501434326172,0.004748903926293455
dataset/rover_data/5_rovers_287.json,0.0,0.0,0.20127320289611816,0.0017380714416503906,0.019988300800323485,0.01938531866025685
dataset/rover_data/5_rovers_356.json,0.0,0.005,0.18843317031860352,0.0016758441925048828,0.0201652455329895,0.019339853794730487
dataset/rover_data/4_rovers_107.json,0.0,0.0,0.23732376098632812,0.0018889904022216797,0.027094789743423463,0.025469690112013315
dataset/rover_data/5_rovers_213.json,1.0,1.0,0.2103099822998047,0.0019388198852539062,0.021849780082702636,0.020987153652325348
dataset/rover_data/5_rovers_182.json,1.0,1.0,0.21513986587524414,0.0017390251159667969,0.02202281355857849,0.021157077808475973
dataset/rover_data/4_rovers_150.json,0.0,0.0,0.14667487144470215,0.0014028549194335938,0.014802083969116211,0.013996610689402824
dataset/rover_data/5_rovers_301.json,0.99,0.99,0.21212482452392578,0.0017769336700439453,0.01998968482017517,0.019288906499968103
dataset/rover_data/5_rovers_244.json,0.015,0.02,0.18220210075378418,0.02100396156311035,0.021816493272781373,0.02096496754555247
dataset/rover_data/3_rovers_34.json,0.0,0.0,0.07797908782958984,0.0012359619140625,0.009650232791900635,0.009212365701569985
dataset/rover_data/4_rovers_80.json,1.0,1.0,0.18918085098266602,0.021160125732421875,0.02252966642379761,0.021671296364098938
dataset/rover_data/2_rovers_4.json,0.995,0.98,0.04938817024230957,0.0009937286376953125,0.006788696050643921,0.0064137545063268
dataset/rover_data/5_rovers_194.json,0.19,0.15,0.18149685859680176,0.0017731189727783203,0.021982156038284302,0.021054344560632755
dataset/rover_data/5_rovers_317.json,1.0,1.0,0.16971802711486816,0.0016717910766601562,0.02022823929786682,0.019381520736157596
dataset/rover_data/4_rovers_79.json,1.0,1.0,0.20552587509155273,0.0017993450164794922,0.022601261138916015,0.021749004047719678
dataset/rover_data/4_rovers_146.json,0.9,0.92,0.15391993522644043,0.0014688968658447266,0.015105795860290528,0.014063083945806302
dataset/rover_data/4_rovers_96.json,0.0,0.0,0.25525903701782227,0.002017974853515625,0.02710697293281555,0.02535281948108769
dataset/rover_data/3_rovers_22.json,1.0,1.0,0.328690767288208,0.001991748809814453,0.030485037565231323,0.028420316514058328
dataset/rover_data/5_rovers_252.json,0.0,0.0,0.19474482536315918,0.0018270015716552734,0.021855957508087158,0.020915169212686355
dataset/rover_data/4_rovers_111.json,0.0,0.0,0.21968388557434082,0.0018901824951171875,0.026600863933563233,0.025446695299004788
dataset/rover_data/5_rovers_340.json,1.0,1.0,0.19890403747558594,0.001882791519165039,0.02010483145713806,0.019334616972573437
dataset/rover_data/5_rovers_205.json,0.995,0.995,0.21204781532287598,0.0017368793487548828,0.02199996471405029,0.02108250311271629
dataset/rover_data/4_rovers_110.json,0.0,0.0,0.29747915267944336,0.001990795135498047,0.026864681243896484,0.025417275165193643
dataset/rover_data/5_rovers_341.json,0.99,1.0,0.17810893058776855,0.0016722679138183594,0.020210648775100707,0.019389696456679147
dataset/rover_data/5_rovers_204.json,0.81,0.815,0.21088504791259766,0.0017328262329101562,0.02196455955505371,0.02108943043042667
dataset/rover_data/5_rovers_316.json,1.0,1.0,0.17271208763122559,0.001847982406616211,0.020232101678848268,0.019421543907280542
dataset/rover_data/4_rovers_78.json,1.0,1.0,0.1930530071258545,0.0017578601837158203,0.02260177493095398,0.021706159390396808
dataset/rover_data/4_rovers_147.json,0.0,0.0,0.009534120559692383,0.001402139663696289,0.014155635833740235,0.014099671013990239
dataset/rover_data/3_rovers_23.json,1.0,1.0,0.025503158569335938,0.0006351470947265625,0.0030023789405822753,0.002859303699665932
dataset/rover_data/4_rovers_97.json,0.015,0.03,0.23657488822937012,0.0018851757049560547,0.02647321343421936,0.02525459941308103
dataset/rover_data/5_rovers_253.json,0.68,0.685,0.18808507919311523,0.001728057861328125,0.021826177835464478,0.020958327767836987
dataset/rover_data/2_rovers_5.json,0.0,0.0,0.04506993293762207,0.000888824462890625,0.0057716679573059084,0.005488677240496305
dataset/rover_data/5_rovers_195.json,0.0,0.0,0.1882328987121582,0.0017361640930175781,0.02199137806892395,0.02107223673681518
dataset/rover_data/4_rovers_151.json,0.0,0.0,0.1633157730102539,0.0013933181762695312,0.014719908237457275,0.014000771632745638
dataset/rover_data/5_rovers_300.json,0.0,0.0,0.18067002296447754,0.0019431114196777344,0.019991850852966307,0.01918110296354821
dataset/rover_data/5_rovers_245.json,1.0,0.995,0.194288969039917,0.0018410682678222656,0.02186231851577759,0.021052376109751025
dataset/rover_data/4_rovers_81.json,1.0,1.0,0.21440386772155762,0.0017642974853515625,0.022620234489440918,0.02169104676749838
dataset/rover_data/3_rovers_35.json,1.0,1.0,0.08062410354614258,0.0011320114135742188,0.009701706171035766,0.009321999909290717
dataset/rover_data/5_rovers_183.json,1.0,1.0,0.2080240249633789,0.0017371177673339844,0.022072043418884277,0.02120806703615428
dataset/rover_data/5_rovers_357.json,1.0,1.0,0.17922401428222656,0.0017778873443603516,0.020069721937179565,0.01940434302516918
dataset/rover_data/4_rovers_106.json,0.975,0.955,0.20255684852600098,0.0019719600677490234,0.02671119451522827,0.02554575642149652
dataset/rover_data/5_rovers_212.json,0.0,0.0,0.20704007148742676,0.0017352104187011719,0.021886093616485594,0.021064529466868646
dataset/rover_data/3_rovers_19.json,0.0,0.0,0.285916805267334,0.001990079879760742,0.031188032627105712,0.028541017417332636
dataset/rover_data/5_rovers_269.json,0.005,0.005,0.18908905982971191,0.0018279552459716797,0.02198823094367981,0.021047375310006455
dataset/rover_data/4_rovers_42.json,1.0,1.0,0.06939220428466797,0.0008289813995361328,0.004968657493591309,0.004735450648782241
dataset/rover_data/5_rovers_286.json,1.0,1.0,0.17693114280700684,0.00167083740234375,0.02007042407989502,0.019180543458641473
dataset/rover_data/5_rovers_394.json,1.0,1.0,0.2012021541595459,0.0016701221466064453,0.020122294425964356,0.019306790289567343
dataset/rover_data/5_rovers_228.json,1.0,1.0,0.21301817893981934,0.0017511844635009766,0.021832581758499146,0.02101328265127824
dataset/rover_data/5_rovers_382.json,1.0,1.0,0.18647217750549316,0.0016748905181884766,0.0201279878616333,0.01932157224147164
dataset/rover_data/5_rovers_290.json,1.0,1.0,0.19179177284240723,0.0017409324645996094,0.020063920021057127,0.019213541069222455
dataset/rover_data/4_rovers_54.json,1.0,1.0,0.06716704368591309,0.0008327960968017578,0.00497373104095459,0.004718170693172282
dataset/rover_data/5_rovers_208.json,0.0,0.0,0.18607521057128906,0.0018990039825439453,0.021939252614974977,0.02105353226014717
dataset/rover_data/5_rovers_176.json,1.0,1.0,0.21156001091003418,0.0017290115356445312,0.022015414237976073,0.021125026683711527
dataset/rover_data/2_rovers_9.json,1.0,1.0,0.03086113929748535,0.0007271766662597656,0.004107556343078613,0.0038688662064135376
dataset/rover_data/5_rovers_199.json,0.0,0.0,0.19449591636657715,0.0017316341400146484,0.022080411911010744,0.021069737535026205
dataset/rover_data/4_rovers_74.json,1.0,1.0,0.18055295944213867,0.0017592906951904297,0.022771095037460328,0.021804736487230462
dataset/rover_data/4_rovers_62.json,1.0,1.0,0.0479578971862793,0.0008349418640136719,0.004967100620269775,0.004744099612212061
dataset/rover_data/3_rovers_39.json,0.0,0.0,0.10005617141723633,0.0011341571807861328,0.009568778276443481,0.009120378062952702
dataset/rover_data/5_rovers_249.json,0.0,0.0,0.1872692108154297,0.001734018325805664,0.0218024742603302,0.020954138070494684
dataset/rover_data/5_rovers_265.json,0.0,0.0,0.2068321704864502,0.0017368793487548828,0.022003097534179686,0.021160397697333716
dataset/rover_data/3_rovers_15.json,0.0,0.0,0.10548281669616699,0.00128936767578125,0.01232898712158203,0.01174934784970691
dataset/rover_data/5_rovers_320.json,1.0,1.0,0.19237685203552246,0.0017290115356445312,0.020246119499206544,0.01935535699278865
dataset/rover_data/5_rovers_232.json,0.215,0.215,0.20404386520385742,0.001878976821899414,0.021856603622436525,0.020923174805377597
dataset/rover_data/5_rovers_398.json,0.02,0.05,0.18621397018432617,0.0018219947814941406,0.020195990800857544,0.019334682867155603
dataset/rover_data/5_rovers_377.json,0.05,0.08,0.18053984642028809,0.0017857551574707031,0.020140879154205323,0.019315417687497546
dataset/rover_data/4_rovers_126.json,1.0,1.0,0.10861802101135254,0.0011730194091796875,0.010283112525939941,0.00983961263493677
dataset/rover_data/5_rovers_224.json,0.0,0.0,0.17840313911437988,0.0017800331115722656,0.021891249418258665,0.021245961213231686
dataset/rover_data/4_rovers_130.json,1.0,1.0,0.08448195457458496,0.02043294906616211,0.010260771512985229,0.00984564378632972
dataset/rover_data/5_rovers_361.json,0.085,0.085,0.17580890655517578,0.0016634464263916016,0.020137869119644165,0.019299468802447296
dataset/rover_data/5_rovers_273.json,0.0,0.0,0.20997214317321777,0.0017349720001220703,0.022015916109085085,0.021136315024677832
dataset/rover_data/5_rovers_336.json,0.97,0.985,0.17775297164916992,0.0016751289367675781,0.02022174596786499,0.019388524731199945
dataset/rover_data/4_rovers_58.json,1.0,1.0,0.04899287223815918,0.0008540153503417969,0.004933600425720215,0.004760336037257209
dataset/rover_data/5_rovers_278.json,1.0,1.0,0.18421196937561035,0.0017468929290771484,0.022072057723999023,0.02113626710134535
dataset/rover_data/4_rovers_53.json,1.0,1.0,0.04772186279296875,0.0008211135864257812,0.004974327087402344,0.004738223013566367
dataset/rover_data/5_rovers_297.json,0.18,0.17,0.18824315071105957,0.0016698837280273438,0.019945679903030394,0.019136019088515085
dataset/rover_data/5_rovers_385.json,0.845,0.845,0.17389798164367676,0.0016770362854003906,0.020167728662490846,0.019382922493632715
dataset/rover_data/5_rovers_393.json,0.025,0.025,0.2095351219177246,0.0016739368438720703,0.020205861330032347,0.019332158505617075
dataset/rover_data/5_rovers_239.json,0.0,0.0,0.20597481727600098,0.0018391609191894531,0.021758216619491576,0.02100484694667797
dataset/rover_data/5_rovers_281.json,0.995,0.99,0.1780557632446289,0.0017490386962890625,0.02013137698173523,0.019266233971370523
dataset/rover_data/4_rovers_45.json,1.0,1.0,0.04993486404418945,0.0008242130279541016,0.004960548877716064,0.004767559281545668
dataset/rover_data/5_rovers_350.json,0.24,0.275,0.18458795547485352,0.0017690658569335938,0.020181163549423217,0.019315284700249905
dataset/rover_data/4_rovers_101.json,0.91,0.91,0.20375299453735352,0.0019009113311767578,0.02665617823600769,0.02547681391538687
dataset/rover_data/5_rovers_215.json,0.0,0.0,0.2068789005279541,0.0017328262329101562,0.021884992122650146,0.02098744358848687
dataset/rover_data/5_rovers_184.json,1.0,1.0,0.19033384323120117,0.0017619132995605469,0.022006781101226808,0.021228408094626575
dataset/rover_data/4_rovers_69.json,0.0,0.0,0.29482293128967285,0.0017709732055664062,0.02307664752006531,0.021837028426740637
dataset/rover_data/4_rovers_156.json,0.26,0.175,0.15689897537231445,0.0015330314636230469,0.01451852560043335,0.013888424964406383
dataset/rover_data/5_rovers_307.json,1.0,1.0,0.169846773147583,0.0016551017761230469,0.020185389518737794,0.019363592617475806
dataset/rover_data/3_rovers_32.json,1.0,1.0,0.09724307060241699,0.001165151596069336,0.009627097845077514,0.009255372100139983
dataset/rover_data/4_rovers_86.json,1.0,1.0,0.1881711483001709,0.0018968582153320312,0.022802808284759522,0.021867821564027414
dataset/rover_data/5_rovers_242.json,0.0,0.0,0.19914603233337402,0.0020890235900878906,0.021882233619689943,0.02097739885799849
dataset/rover_data/2_rovers_2.json,1.0,1.0,0.0643150806427002,0.0010819435119628906,0.009000507593154907,0.008622007753381776
dataset/rover_data/5_rovers_192.json,0.0,0.0,0.20608997344970703,0.0018019676208496094,0.02203103303909302,0.021149163270116452
dataset/rover_data/5_rovers_311.json,1.0,1.0,0.17046403884887695,0.0016660690307617188,0.020263386964797972,0.019443516755223874
dataset/rover_data/4_rovers_140.json,0.0,0.0,0.14123964309692383,0.0014002323150634766,0.01451537013053894,0.013833519202380924
dataset/rover_data/5_rovers_254.json,1.0,1.0,0.20359086990356445,0.0017352104187011719,0.02185155987739563,0.021050059016625485
dataset/rover_data/4_rovers_90.json,0.315,0.355,0.23322010040283203,0.0020248889923095703,0.027333650588989258,0.02561328518929793
dataset/rover_data/3_rovers_24.json,1.0,1.0,0.04523897171020508,0.0006430149078369141,0.0030125796794891356,0.002857637165778845
dataset/rover_data/4_rovers_117.json,1.0,1.0,0.1061089038848877,0.0013821125030517578,0.010268901586532592,0.009879750822057677
dataset/rover_data/5_rovers_346.json,0.86,0.89,0.18076109886169434,0.0016760826110839844,0.02013973832130432,0.019380963627417484
dataset/rover_data/5_rovers_203.json,0.0,0.0,0.1941540241241455,0.0017321109771728516,0.02193518877029419,0.021129016301140714
dataset/rover_data/5_rovers_274.json,0.995,0.995,0.20191502571105957,0.0018508434295654297,0.0220237934589386,0.021136106558181534
dataset/rover_data/5_rovers_331.json,1.0,1.0,0.1780381202697754,0.0016748905181884766,0.020122638940811156,0.019315682463909512
dataset/rover_data/4_rovers_160.json,0.0,0.0,0.1439507007598877,0.0013990402221679688,0.014548871517181396,0.013940679368062234
dataset/rover_data/5_rovers_389.json,0.0,0.0,0.1996018886566162,0.001667022705078125,0.02023768663406372,0.019325994366976483
dataset/rover_data/5_rovers_223.json,0.25,0.215,0.1800529956817627,0.0017461776733398438,0.02193326234817505,0.020940241502158008
dataset/rover_data/4_rovers_137.json,0.0,0.0,0.171983003616333,0.0014102458953857422,0.014967650175094604,0.013900390222444008
dataset/rover_data/5_rovers_366.json,0.005,0.005,0.19074106216430664,0.0017800331115722656,0.02014857769012451,0.01923839650561462
dataset/rover_data/5_rovers_235.json,1.0,1.0,0.1947038173675537,0.0017452239990234375,0.02190741300582886,0.021018082173026385
dataset/rover_data/5_rovers_370.json,1.0,1.0,0.20083999633789062,0.0016720294952392578,0.02023968458175659,0.01935747280791776
dataset/rover_data/4_rovers_121.json,1.0,1.0,0.08773088455200195,0.0011708736419677734,0.010185614824295045,0.009810105041043841
dataset/rover_data/3_rovers_12.json,1.0,1.0,0.12272429466247559,0.0012888908386230469,0.0123624587059021,0.011874455303403001
dataset/rover_data/5_rovers_262.json,0.0,0.0,0.19503378868103027,0.0017330646514892578,0.021999303102493286,0.02117937174274694
dataset/rover_data/4_rovers_49.json,1.0,1.0,0.06714701652526855,0.0008158683776855469,0.005012640953063965,0.004783164316685355
dataset/rover_data/5_rovers_327.json,1.0,1.0,0.17298102378845215,0.0018029212951660156,0.020219969749450683,0.01948063217814843
dataset/rover_data/5_rovers_219.json,0.05,0.045,0.1873631477355957,0.0017359256744384766,0.02197082281112671,0.020969559798887625
dataset/rover_data/4_rovers_65.json,1.0,1.0,0.20037078857421875,0.001750946044921875,0.022647567987442017,0.02181961788004966
dataset/rover_data/5_rovers_167.json,1.0,1.0,0.19881296157836914,0.0017380714416503906,0.022042113542556762,0.021154297057108664
dataset/rover_data/5_rovers_188.json,0.0,0.0,0.2065131664276123,0.0017349720001220703,0.02198127269744873,0.02122385657612403
dataset/rover_data/4_rovers_73.json,0.065,0.045,0.17911863327026367,0.0017540454864501953,0.02270939588546753,0.021808805178158246
dataset/rover_data/3_rovers_28.json,1.0,1.0,0.04537510871887207,0.0006527900695800781,0.002988860607147217,0.002874209054151372
dataset/rover_data/5_rovers_258.json,0.0,0.0,0.21294498443603516,0.0017428398132324219,0.021956350803375244,0.02106642723083496
dataset/rover_data/5_rovers_171.json,1.0,1.0,0.20891904830932617,0.0017321109771728516,0.022144782543182372,0.021156326610239307
dataset/rover_data/5_rovers_170.json,1.0,1.0,0.19106793403625488,0.0018410682678222656,0.02205659627914429,0.021190523502215668
dataset/rover_data/4_rovers_72.json,0.905,0.92,0.2050328254699707,0.0017621517181396484,0.022789791822433472,0.021863891850763827
dataset/rover_data/3_rovers_29.json,0.995,1.0,0.07836484909057617,0.0011279582977294922,0.009615331888198853,0.009136270638087286
dataset/rover_data/5_rovers_259.json,1.0,1.0,0.21072983741760254,0.0017361640930175781,0.022001579999923707,0.021073625315373868
dataset/rover_data/5_rovers_166.json,1.0,1.0,0.1938481330871582,0.0017371177673339844,0.02212721824645996,0.02115249993214056
dataset/rover_data/5_rovers_189.json,0.0,0.0,0.19385004043579102,0.0017371177673339844,0.022022184133529663,0.02113655104709031
dataset/rover_data/4_rovers_64.json,1.0,1.0,0.04774904251098633,0.0008330345153808594,0.004972363710403442,0.00474886678571078
dataset/rover_data/5_rovers_218.json,0.0,0.0,0.20052194595336914,0.0018169879913330078,0.02187607526779175,0.020979639273792056
dataset/rover_data/3_rovers_13.json,0.0,0.0,0.10548806190490723,0.0012962818145751953,0.01227947473526001,0.011743508391643889
dataset/rover_data/5_rovers_263.json,0.0,0.0,0.21144986152648926,0.002276182174682617,0.021918491125106812,0.02101945637458533
dataset/rover_data/4_rovers_48.json,1.0,1.0,0.04853105545043945,0.0008471012115478516,0.00499302864074707,0.004775030529079725
dataset/rover_data/5_rovers_326.json,1.0,1.0,0.19407415390014648,0.0016748905181884766,0.020190666913986206,0.01934406625565572
dataset/rover_data/5_rovers_234.json,0.0,0.0,0.1859891414642334,0.001728057861328125,0.02192379355430603,0.021080930029327545
dataset/rover_data/5_rovers_371.json,1.0,1.0,0.18057608604431152,0.00168609619140625,0.020103769302368166,0.019662399387838852
dataset/rover_data/4_rovers_120.json,1.0,1.0,0.1078329086303711,0.0011661052703857422,0.010178604125976563,0.009796001204294176
dataset/rover_data/5_rovers_388.json,0.86,0.885,0.1748800277709961,0.0016758441925048828,0.02008659243583679,0.01928599635560309
dataset/rover_data/5_rovers_222.json,0.01,0.01,0.1831507682800293,0.0017459392547607422,0.021822078227996825,0.021020423227818167
dataset/rover_data/4_rovers_136.json,1.0,1.0,0.08440804481506348,0.0011701583862304688,0.010258498191833497,0.009868561922006271
dataset/rover_data/5_rovers_367.json,0.005,0.02,0.2006819248199463,0.0017311573028564453,0.020133894681930543,0.019346956032604428
dataset/rover_data/5_rovers_275.json,0.855,0.825,0.21136784553527832,0.0017309188842773438,0.022029979228973387,0.0211676832419544
dataset/rover_data/5_rovers_330.json,0.615,0.63,0.1821589469909668,0.0018720626831054688,0.02010890603065491,0.019370315062939823
dataset/rover_data/4_rovers_116.json,1.0,1.0,0.08709311485290527,0.001165151596069336,0.010280590057373046,0.009838077890214009
dataset/rover_data/5_rovers_347.json,0.0,0.0,0.18044424057006836,0.001708984375,0.02011291980743408,0.01935437336638944
dataset/rover_data/5_rovers_202.json,0.0,0.0,0.18440699577331543,0.0017299652099609375,0.021956106424331667,0.02103238129735592
dataset/rover_data/5_rovers_310.json,1.0,1.0,0.19043588638305664,0.0016908645629882812,0.02016900658607483,0.01941957186214888
dataset/rover_data/4_rovers_141.json,0.0,0.0,0.13451504707336426,0.0013997554779052734,0.01447988986968994,0.01393593855239638
dataset/rover_data/5_rovers_255.json,0.0,0.0,0.18422603607177734,0.001741170883178711,0.021854535341262818,0.02089723510358801
dataset/rover_data/3_rovers_25.json,1.0,1.0,0.026478290557861328,0.000640869140625,0.0029886174201965332,0.0028555525008158466
dataset/rover_data/4_rovers_91.json,1.0,1.0,0.20772194862365723,0.001898050308227539,0.026617568731307984,0.025484660162997604
dataset/rover_data/2_rovers_3.json,1.0,1.0,0.050364017486572266,0.0009601116180419922,0.006745749711990356,0.0064432009979708115
dataset/rover_data/5_rovers_193.json,0.005,0.005,0.1914222240447998,0.0017321109771728516,0.02196736454963684,0.02117695281253987
dataset/rover_data/4_rovers_68.json,0.245,0.275,0.19720101356506348,0.001764059066772461,0.022642664909362793,0.02177713504388704
dataset/rover_data/4_rovers_157.json,0.0,0.0,0.14751625061035156,0.02064681053161621,0.014848675727844238,0.013822273992413852
dataset/rover_data/5_rovers_306.json,1.0,1.0,0.17020893096923828,0.0016739368438720703,0.02020162105560303,0.019345894530789935
dataset/rover_data/4_rovers_87.json,1.0,1.0,0.21695804595947266,0.001825094223022461,0.02279334545135498,0.021799929776982446
dataset/rover_data/3_rovers_33.json,0.515,0.61,0.07530713081359863,0.001129150390625,0.009686765670776367,0.00927145157627125
dataset/rover_data/5_rovers_243.json,0.0,0.0,0.2035839557647705,0.001728057861328125,0.021914477348327636,0.021103862542003842
dataset/rover_data/5_rovers_185.json,0.0,0.0,0.18658685684204102,0.001834869384765625,0.021800490617752074,0.0208986140974802
dataset/rover_data/5_rovers_351.json,0.985,0.97,0.18558406829833984,0.0016591548919677734,0.019929485321044924,0.019117313413763767
dataset/rover_data/4_rovers_100.json,0.0,0.0,0.23959088325500488,0.0018820762634277344,0.02625623345375061,0.025069499135616437
dataset/rover_data/5_rovers_214.json,0.0,0.0,0.2133772373199463,0.0018768310546875,0.021612939834594728,0.020745017420706436
dataset/rover_data/5_rovers_280.json,1.0,1.0,0.17938518524169922,0.0017311573028564453,0.021815088987350465,0.02091935411769541
dataset/rover_data/4_rovers_44.json,1.0,1.0,0.05010414123535156,0.0008952617645263672,0.004917182922363281,0.0047215972114447976
dataset/rover_data/5_rovers_392.json,0.44,0.495,0.18134188652038574,0.001664876937866211,0.01993891716003418,0.019068132093803366
dataset/rover_data/5_rovers_238.json,0.0,0.0,0.2080540657043457,0.0017240047454833984,0.021641684770584105,0.020769678767602048
dataset/rover_data/5_rovers_384.json,0.11,0.135,0.16935396194458008,0.0018429756164550781,0.019934539794921876,0.01922241287614832
dataset/rover_data/5_rovers_279.json,1.0,1.0,0.18677711486816406,0.0018901824951171875,0.021829409599304198,0.020897261461420874
dataset/rover_data/4_rovers_52.json,1.0,1.0,0.04807615280151367,0.0008168220520019531,0.004953532218933105,0.004761196261075274
dataset/rover_data/5_rovers_296.json,0.215,0.235,0.18598508834838867,0.0016980171203613281,0.0198160457611084,0.018996848532901938
